mblogid,_id,url,comments_count,user_id,user_name,content
PhfK55ALI,5141120931332982,https://weibo.com/5364020718/PhfK55ALI,2,5364020718,最爱福州,"数字中国建设峰会在杭州招展招商

福州市招商办介绍了我市招商政策及投资发展环境 "
PibavapPT,5143328392482597,https://weibo.com/5364020718/PibavapPT,3,5364020718,最爱福州,"第八届数字中国建设峰会现场体验区计划于4月下旬开放，华为等企业将参展！

核心展示面积为5.6万平方米，预计参展单位超过350家 "
PjIBOonFz,5146997125810861,https://weibo.com/5364020718/PjIBOonFz,12,5364020718,最爱福州,第八届数字中国建设峰会志愿者面试：计划从3000多名报名人选中选拔出580名学生志愿者参加本届峰会的志愿服务 
PjZEEc1zX,5147652362866009,https://weibo.com/2639029341/PjZEEc1zX,4,2639029341,福州发布,#AI看福州# 春日暖阳，数字花开。携手AI走入福州的春天，共赴第八届数字中国建设峰会！#第八届数字中国建设峰会#（via.福州数字说） http://t.cn/A6Bn62yx 
Pl5p2vBaT,5150256607531071,https://weibo.com/1678943394/Pl5p2vBaT,1,1678943394,福州头条,#第八届数字中国建设峰会官宣#【定了！今天15时，即将官宣！】定了！今天（3月31日）15:00，国务院新闻办公室将举行介绍第八届数字中国建设峰会有关情况新闻发布会！  
Pl6zRArAS,5150301758685882,https://weibo.com/1678943394/Pl6zRArAS,2,1678943394,福州头条,#第八届数字中国建设峰会官宣##数字中国峰会4月29日在福州举办# 第八届数字中国建设峰会新闻发布会3月31日下午在北京举行，会上宣布，第八届数字中国建设峰会将于4月29日至30日在福建省福州市举办。[挤眼]一年一度的数字中国建设峰会来了，你期待公交地铁免费吗？ http://t.cn/A6rwdVDG 
Pl6aW7WlK,5150286301892596,https://weibo.com/5364020718/Pl6aW7WlK,1,5364020718,最爱福州,"第八届数字中国建设峰会时间定了！

第八届数字中国建设峰会将于4月29日至30日在福建省福州市举办 "
Pl5QoeNVQ,5150273563528534,https://weibo.com/5033508400/Pl5QoeNVQ,1,5033508400,福建发布,#福建省政府新闻发布会#3月31日15时，第八届数字中国建设峰会新闻发布会将召开，戳直播关注↓↓  http://t.cn/A6rwT8F9 
PlcMgvawk,5150540087428612,https://weibo.com/1409641392/PlcMgvawk,1,1409641392,FM1067私家车广播,#1067喇叭花快报# ▲第八届数字中国建设峰会将于4月29日至30日在福建省福州市举办。会议主要包括开幕式、主论坛、20个左右分论坛，以及数字中国创新大赛、“闽江夜话”“有福之州·对话未来”等特色活动，并设现场体验区，预计将有超过800位企业家、30位院士、以及诸多专家学者、社会各界人士齐聚峰会。 
Plcox0ARN,5150525370141719,https://weibo.com/6240234881/Plcox0ARN,1,6240234881,心若向往必有所成,人民财讯：国新办就第八届数字中国建设峰会有关情况举行发布会，工信部信息技术发展司司长王彦青表示，下一步，我们将进一步协同各地区、各部门研究出台促进数字产业高质量发展的文件。 
PlgSSylGF,5150697948186521,https://weibo.com/1948654380/PlgSSylGF,7,1948654380,福州校园,【#第八届数字峰会将在福州开幕# 】第八届数字中国建设峰会将于4月29日至4月30日在福建省福州市举办，[憧憬]本届峰会主题为“二十五载奋进路 数字中国谱新篇——数智引领高质量发展”[哇]。（via.[音乐]福州日报）#福建海蛏即将大量上市# http://t.cn/A6ry2olD 
PlgUh7546,5150698811687770,https://weibo.com/2729135114/PlgUh7546,1,2729135114,福清发布,4月29日在福州开幕！第八届数字中国建设峰会还有这些亮点！http://t.cn/A6ry2nVE 
Plo14Bcsf,5150972108866015,https://weibo.com/7392791044/Plo14Bcsf,1,7392791044,有事儿问柒叔,"高质量数据集貌似在动，国新健康、桑达A、易华录这些

国家数据局在第八届数字中国建设峰会发布会上明确，将加快推动数据要素与人工智能产业融合，提出""人工智能+行动推进到哪里，高质量数据集的建设和推广就要到哪里""。 "
Plw0M7rgz,5151279441773111,https://weibo.com/7840889308/Plw0M7rgz,3,7840889308,海阳市融媒体中心,第八届数字中国建设峰会将于4月29日至30日在福州举办 http://t.cn/A6rGngGE 
PlG0R89fB,5151663891942187,https://weibo.com/5364020718/PlG0R89fB,4,5364020718,最爱福州,"本月底！大批知名企业相约有福之州

第八届数字中国建设峰会现场体验区将于28日起亮相，三大运营商要来了！中国电科、中国电子要来了！华为、阿里、腾讯、科大讯飞要来了！一汽集团、国铁集团、中国交建也要来了！ "
Pm8BIeXT8,5152763063566806,https://weibo.com/1914023002/Pm8BIeXT8,4,1914023002,盘石,第八届数字中国建设峰会时间定了！ http://t.cn/A6ri8hmn 
PmLWCr1ZK,5154275186442528,https://weibo.com/2639029341/PmLWCr1ZK,1,2639029341,福州发布,#福州赛事# 【大数据融合应用分论坛报名通道开启】第八届数字中国建设峰会将在福州举办。本届峰会设置电子政务、数字文化、数字生态文明等21个分论坛，其中数据主题分论坛有5个子论坛。目前，大数据融合应用分论坛报名通道已全部开启，有意者可通过数字中国建设峰会小程序报名。http://t.cn/A6rWp846 
PnNLX7OCl,5156728731862873,https://weibo.com/2639029341/PnNLX7OCl,4,2639029341,福州发布,#聚焦第八届数字中国建设峰会#【“院士专家行”28日举办 院士最新数字建设成果展将亮相】#有福之州遇见数智未来# 记者17日从第八届数字中国建设峰会组委会获悉，作为本届峰会的特色活动之一，“院士专家行”（论坛）将于28日晚在中庚聚龙酒店召开。#数字中国建设峰会福州见#http://t.cn/A6rkVHnD 
PnOajbbVd,5156743832667439,https://weibo.com/2639029341/PnOajbbVd,4,2639029341,福州发布,#科技福州# 【数字化列车将“驶入”峰会 现场设置骑行挑战】从第八届数字中国建设峰会组委会获悉，峰会现场体验区西门子交通中国展区将引进一辆数字化列车实体模型，通过充满科技感的造型，将数字化技术与实体列车相结合，呈现全球及本地的创新数字化解决方案。http://t.cn/A6rkiQ38 
PnZM3dWr5,5157190073322895,https://weibo.com/3665674205/PnZM3dWr5,2,3665674205,沂源发布,【#福州地铁公交又要免费了#】“泼天”的免费又来了！第八届数字中国建设峰会将于4月29日至4月30日在福建省福州市举办，4月28日至5月5日期间，总共8天，福州地铁、公交免费！#福州地铁#  #福州[地点]# http://t.cn/A6dvCk04 
PnX8bBjeC,5157088478892078,https://weibo.com/1698857957/PnX8bBjeC,4,1698857957,海峡都市报,【#福州地铁公交又要免费了#】“泼天”的免费又来了！第八届数字中国建设峰会将于4月29日至4月30日在福建省福州市举办，4月28日至5月5日期间，总共8天，福州地铁、公交免费！#福州地铁#  #福州[地点]# http://t.cn/A6dvCk04 
PnXcF4s3O,5157091251061180,https://weibo.com/2639029341/PnXcF4s3O,2,2639029341,福州发布,#福州便民信息# 【4月28日至5月5日！福州地铁公交免费！】第八届数字中国建设峰会将于4月29日至4月30日在福建省福州市举办，4月28日至5月5日期间福州地铁、公交免费！http://t.cn/A6dv901E 
PnWQ2xhW3,5157077227933771,https://weibo.com/2553604372/PnWQ2xhW3,1,2553604372,福州新闻网fznews,#福州新闻[超话]#【4月28日至5月5日！福州地铁公交免费！】#数字中国建设峰会福州见#第八届数字中国建设峰会将于4月29日至4月30日在福建省福州市举办，4月28日至5月5日期间福州地铁、公交免费！#聚焦第八届数字中国建设峰会# http://t.cn/A6dvSfwT http://t.cn/A6dvSMcx 
Po5Nd2xKv,5157421430606391,https://weibo.com/5904699447/Po5Nd2xKv,1,5904699447,不负明天的伟大梦想,【#福州地铁公交又要免费了#】“泼天”的免费又来了！第八届数字中国建设峰会将于4月29日至4月30日在福建省福州市举办，4月28日至5月5日期间，总共8天，福州地铁、公交免费！#福州地铁#  #福州[地点]# http://t.cn/A6dvCk04 
PohD12TR2,5157876390691364,https://weibo.com/1948630450/PohD12TR2,25,1948630450,厦门校园,【#五一期间福州地铁公交免费啦#】第八届数字中国建设峰会将于4月29日至4月30日在福建省福州市举办[并不简单]。为方便数字峰会，“五一”期间市民出行，4月28日-5月5期间福州开展地铁、公交免费乘车活动[哇]。（via.[音乐]福州日报）  http://t.cn/A6dw80Yq 
Pos2f3t0l,5158276430826481,https://weibo.com/2557129567/Pos2f3t0l,12,2557129567,华为中国,"第八届#数字中国建设峰会#来了
我们#福州#见
[送花花][送花花][送花花] "
PoyWVkNtq,5158542214956740,https://weibo.com/7867593842/PoyWVkNtq,2,7867593842,来自天翼云的云宝,【福启云端，相约榕城，4月29日，不见不散！】#第八届数字中国建设峰会#将于4月29日在福建省福州市盛大启幕。同期，智能云合作论坛将于4月29日下午举行。#天翼云#邀您共赴盛典！@中国电信 #数智国云 共谱新篇# #算力即国力# http://t.cn/A6d4HRMl 
PoDTO77qy,5158732481696850,https://weibo.com/7589331641/PoDTO77qy,2,7589331641,PHYTIUM飞腾,"倒计时5天，锁定 #数字中国建设峰会#！
一起见证 #飞腾CPU# 新芯力量！
[拳头][拳头] "
Pozp6Bzij,5158559688953811,https://weibo.com/1658388624/Pozp6Bzij,1,1658388624,新浪福建,#跟着攻略玩转数字福州#从古今结合的梦幻碰撞到眼花缭乱的智慧未来，与“数字人”谈天说地和“机器狗”踩点热舞……一大波数字应用正在“赶来”福州！#第八届数字中国建设峰会# 你逛过数字中国建设峰会吗？ http://t.cn/A6d4sATZ 
PozqA9tOQ,5158560602259580,https://weibo.com/1678943394/PozqA9tOQ,1,1678943394,福州头条,#跟着攻略玩转数字福州#从古今结合的梦幻碰撞到眼花缭乱的智慧未来，与“数字人”谈天说地和“机器狗”踩点热舞……一大波数字应用正在“赶来”福州！#第八届数字中国建设峰会# 每一年数字中国建设峰会来临时，你的第一反应是？ http://t.cn/A6d4slZQ 
PoyIgoKrw,5158533125898402,https://weibo.com/1658388624/PoyIgoKrw,3,1658388624,新浪福建,第八届数字中国建设峰会将于2025年4月28日-5月4日在福州召开，中国移动届时将在峰会期间举办中国移动人工智能生态大会，设立主题展、主旨论坛及多个配套活动，我们诚挚邀请您莅临大会，共同见证一场人工智能与科技的盛宴，共创数智化美好未来! http://t.cn/A6dy9Tmn 
PoIxYaBRX,5158911142528853,https://weibo.com/7867593842/PoIxYaBRX,1,7867593842,来自天翼云的云宝,"[good]引领云智一体
[努力]谱写数智未来
第八届数字中国建设峰会
2025智能云生态大会
🎉智能云合作论坛🎉
⏳ 倒计时5天
⏰ 4月29日14:00｜福州
共赴国云硬核科技创新之约 
#数智国云 共谱新篇##算力即国力##天翼云#@中国电信 "
PoIBqCHOE,5158913289224896,https://weibo.com/5749860995/PoIBqCHOE,3,5749860995,铀媒,4月28日-5月4日，#第八届数字中国建设峰会# 将在福州海峡会展中心举办。蜜度携城感通、模力通亮相，体验科技魅力，揭秘数据“智”理！速扫码报名，探索数智未来！ #有福之州遇见数智未来# 
PoHWDfhAC,5158887993642538,https://weibo.com/2557129567/PoHWDfhAC,420,2557129567,华为中国,丹青绘智，山河焕彩。4月28日-5月4日，榕城福州，#华为#诚邀您莅临#第八届数字中国建设峰会#华为展台及系列活动现场，见证#万智互联#加速迈向智能世界！ http://t.cn/A6dqrHHb 
PoRaTBJCq,5159242798993498,https://weibo.com/1649608047/PoRaTBJCq,13,1649608047,天极网,距第八届数字中国建设峰会现场体验区开幕仅剩3天。众多科技成果惊艳集结、蓄势待展，超800位企业家与院士专家齐聚福州，一场关乎数字中国未来的行业盛宴即将开启！！#第八届数字中国建设峰会# 
PoRZt2Dkc,5159274150627824,https://weibo.com/2001627641/PoRZt2Dkc,522,2001627641,中国移动,"是一路随行的护驾
是舒适便捷的智能
第八届数字中国建设峰会中国移动人工智能生态大会
3天后，相约数字中国
#智焕新生共创AI+时代##移起AI+# "
PoViC8QSn,5159401342109883,https://weibo.com/2557129567/PoViC8QSn,7,2557129567,华为中国,和华为一道 开启#第八届数字中国建设峰会# 之旅[哇][哇][哇] 
PoUZkmU7k,5159389385458934,https://weibo.com/2557129567/PoUZkmU7k,9,2557129567,华为中国,"双万兆启航 开启万智互联
#第八届数字中国建设峰会# 
倒计时3天
🕜4月28日-5月4日
📍中国·福州 海峡国际会展中心
#华为# 诚邀您共赴福州
加速迈向智能世界 "
PoRzfxppM,5159257897962522,https://weibo.com/1658388624/PoRzfxppM,11,1658388624,新浪福建,第八届数字中国建设峰会将于2025年4月28日-5月4日在福州召开，中国移动届时将在峰会期间举办中国移动人工智能生态大会，设立主题展、主旨论坛及多个配套活动，我们诚挚邀请您莅临大会，共同见证一场人工智能与科技的盛宴，共创数智化美好未来! http://t.cn/A6dy9QNm 
PoQMxAy79,5159227698710947,https://weibo.com/7589331641/PoQMxAy79,1,7589331641,PHYTIUM飞腾,"倒计时 3 天，锁定 #数字中国建设峰会#！
一起见证 #飞腾CPU# 新芯力量！
[拳头][拳头] "
Pp0UNpG5f,5159617216119973,https://weibo.com/2002148123/Pp0UNpG5f,1451,2002148123,中国联通,二十五载奋进路 ，数字中国建设谱新篇。中国联通拥抱智能，向新前行，聚力打造创新引擎，推动数字基础设施高质量发展，不断满足人们对美好信息生活的新向往。#第八届数字中国建设峰会#即将启幕，敬请关注！#精品网络智联中国# http://t.cn/A6dMLNxp 
Pp4CVgRPe,5159759894020156,https://weibo.com/2557129567/Pp4CVgRPe,6,2557129567,华为中国,"AI驱动 重塑千行万业
#第八届数字中国建设峰会# 
倒计时2天
🕜4月28日-5月4日
📍中国·福州 海峡国际会展中心
#华为# 诚邀您共赴福州
加速迈向智能世界 "
Pp4PcqXov,5159767506424843,https://weibo.com/2557129567/Pp4PcqXov,11,2557129567,华为中国,"数字中国建设峰会丨华为ICT产品组合方案精彩抢先看！
[憧憬][憧憬][憧憬]
#第八届数字中国建设峰会# "
Pp1o6le96,5159635385059268,https://weibo.com/2001627641/Pp1o6le96,525,2001627641,中国移动,"是实时响应的守护
是美好生活的回应
第八届数字中国建设峰会中国移动人工智能生态大会
2天后，相约数字中国
#智焕新生共创AI+时代# #移起AI+# "
Pp0ZKqEnc,5159620286351726,https://weibo.com/7867593842/Pp0ZKqEnc,1,7867593842,来自天翼云的云宝,"坚持自主创新 加速国产替代
#第八届数字中国建设峰会#
#2025智能云生态大会#·智能云合作论坛
⏳ 倒计时3天
⏰ 4月29日14:00｜福州
国家队“顶配方案”即将揭晓
#数智国云 共谱新篇##算力即国力##天翼云#@中国电信 "
Pp0fOsnGa,5159591806764210,https://weibo.com/3365993480/Pp0fOsnGa,3,3365993480,福建日报,#2025数字中国建设峰会# 【快收藏！第八届数字中国建设峰会主要日程安排表来了！】第八届数字中国建设峰会将于4月29日至30日在福建省福州市举行，收好这份日程安排表，第八届数字中国建设峰会精彩活动先睹为快！#第八届数字中国建设峰会##数字中国建设峰会福州见# 戳图↓↓↓http://t.cn/A6dIqsUC 
Pp0BonhfT,5159605185547877,https://weibo.com/1649608047/Pp0BonhfT,12,1649608047,天极网,第八届数字中国建设峰会现场体验区倒计时2天！海量创新成果、前沿技术即将集体亮相。让我们相聚福州海峡国际会展中心，一起感受数字浪潮的震撼！#第八届数字中国建设峰会# 
Pp5Xt7QdY,5159811071869050,https://weibo.com/2479346341/Pp5Xt7QdY,1,2479346341,大猫猫猫猫同学,"#福州[地点]# 又是一年春和景明，我们又将迎来一年一度的数字中国建设峰会。我们用这段航拍告诉你，这一年来的福州有多美！
#福州航拍##有福之州##数字中国建设峰会# http://t.cn/A6dxWmLi "
Ppf4z5h6Z,5160161431257421,https://weibo.com/1864204590/Ppf4z5h6Z,4,1864204590,台海时刻,#各界大咖点赞数字中国建设峰会# 卢麒元：在新时代建设中国特色社会主义，最伟大的物理建设之一就是建设数字中国。4月29日-30日中国·福州，#第八届数字中国建设峰会# http://t.cn/A6d6CLK2 
Ppf6sC4MD,5160162609074855,https://weibo.com/1864204590/Ppf6sC4MD,1,1864204590,台海时刻,#台湾各界大咖点赞祝福福建这场活动#台湾各界大咖点赞祝福福建这场活动#  新党主席吴成典：数字中国建设峰会不仅是数字技术最前沿的展示舞台，更是展望未来的窗口。让我们相约在有福之州，共襄数字盛会。4月29日-30日中国·福州，#第八届数字中国建设峰会# http://t.cn/A6d6C8mM 
PpelMwWqJ,5160133667851105,https://weibo.com/2752396553/PpelMwWqJ,9,2752396553,国资小新,【戳视频看↓↓↓央企“黑科技”即将亮相#第八届数字中国建设峰会#[酷]】当无人机划破长空，当智慧网络织就数字天幕，一场低空经济新浪潮正席卷八闽山海！@中国联通 用科技之翼勾勒“立体福建”新图景，探索数字天空的无限可能。#拥抱智能向新前行#http://t.cn/A6diD1hf 
PpcIS9fOk,5160071102205732,https://weibo.com/5364020718/PpcIS9fOk,3,5364020718,最爱福州,第八届数字中国建设峰会 福州准备好了 
PpclA1N7y,5160056660427152,https://weibo.com/1658388624/PpclA1N7y,1,1658388624,新浪福建,#福州这场国家级盛会可以预约了# 第八届数字中国建设峰会现场体验区将于4月28日—5月4日在福州海峡国际会展中心开放，海量硬核科技和创新成果组团亮相，大批数字新技术新产品首发，你是不是已经迫不及待要去看了呢？你对科技展有兴趣吗？ http://t.cn/A6diN7qH 
PpaOBgFJj,5159997773973661,https://weibo.com/2001627641/PpaOBgFJj,532,2001627641,中国移动,"是瞬时共鸣的理解
是恰到好处的默契
第八届数字中国建设峰会中国移动人工智能生态大会
1天后，相约数字中国，不见不散
#智焕新生共创AI+时代# #移起AI+# "
Ppa1Tejsg,5159967573411380,https://weibo.com/1649608047/Ppa1Tejsg,12,1649608047,天极网,第八届数字中国建设峰会现场体验区明日震撼启幕！5.6万㎡展区变身 “科技万花筒”，海量硬核科技成果即将在这里绽放。明天，福州海峡国际会展中心，我们不见不散！#第八届数字中国建设峰会# 
Pp9DxkQaO,5159952474967118,https://weibo.com/7589331641/Pp9DxkQaO,1,7589331641,PHYTIUM飞腾,"倒计时 1 天，锁定 #数字中国建设峰会#！
一起见证 #飞腾CPU# 新芯力量！
[拳头][拳头] "
Ppg0ixRnr,5160197228070009,https://weibo.com/6827682617/Ppg0ixRnr,4,6827682617,黄子勋的微博,来噜#第八届数字中国建设峰会#  
PpaxviDAi,5159987174442070,https://weibo.com/7867593842/PpaxviDAi,1,7867593842,来自天翼云的云宝,"一朵云的生长
不止于连接，更在于支撑
与数字中国同频共振
#第八届数字中国建设峰会# 智能云生态成果展
4月28日至5月4日
和#天翼云#“翼”起见证精彩！
#数智国云 共谱新篇##算力即国力#@中国电信 http://t.cn/A6dJYCMr "
PpaBcCPeX,5159989469253435,https://weibo.com/7867593842/PpaBcCPeX,1,7867593842,来自天翼云的云宝,"👍融合产业力量☁️擘画生态蓝图
#第八届数字中国建设峰会#
#2025智能云生态大会#
🎉智能云合作论坛⏳ 倒计时2天
⏰ 4月29日14:00｜相约福州
#数智国云 共谱新篇##算力即国力##天翼云#@中国电信 "
PpdtXke8c,5160100294820884,https://weibo.com/2001627641/PpdtXke8c,522,2001627641,中国移动,当峰会现场网速快到飞起，是谁在背后偷偷上分？移动数智天团闪现幕后，用黑科技buff叠满网络防御，#第八届数字中国建设峰会# 等你来！#智焕新生共创AI+时代##移起AI+# http://t.cn/A6dieZzK 
PpdSUtICS,5160115767083058,https://weibo.com/2557129567/PpdSUtICS,7,2557129567,华为中国,#万智互联# 加速迈向智能世界！4月28日-5月4日，#第八届数字中国建设峰会#华为主展台，海峡国际会展中心3号馆，期待您的莅临！#华为# http://t.cn/A6d67vM9 
PpeDhyDW4,5160144518256668,https://weibo.com/1678943394/PpeDhyDW4,5,1678943394,福州头条,【#数字峰会逛展攻略来了#】“福建舰”“复兴号”……“哪吒”“敖丙”……科技圈、动漫圈的“顶流”都来了！坐“VR当汗血宝马”狂飙看国画书法机器人挥毫泼墨和美女机器人唱歌跳舞唠嗑……机器人天团和数字新技术、新产品已抵达#第八届数字中国建设峰会# ！(福州日报) 
PpezTj66o,5160142414551692,https://weibo.com/2001627641/PpezTj66o,530,2001627641,中国移动,“加速，中国移动报到”，每一步都在走进美好未来，中国移动展台亮相#第八届数字中国建设峰会# ，解锁AI+时代的无限可能！#智焕新生共创AI+时代##移起AI+# http://t.cn/A6d6GwAG 
Ppd0ylfp5,5160082065064103,https://weibo.com/2001627641/Ppd0ylfp5,528,2001627641,中国移动,【一年一度！八闽大地又有新惊喜！】三都澳海域，风光旖旎，渔排连片，是我国著名的渔业产区。2004年，为填补三都澳海域通信空白，中国移动在此设立全国唯一的海上营业厅，它成为了海域群众的“信息港湾”。#第八届数字中国建设峰会# #智焕新生共创AI+时代#  #移起AI+#  http://t.cn/A6diRiHc 
Ppa88BxUP,5159971448948511,https://weibo.com/1975415803/Ppa88BxUP,93,1975415803,中国电信,"第八届数字中国建设峰会
#2025智能云生态大会#
数智国云 共谱新篇 倒计时3天
2025.04.30中国·福州 邀您共鉴
#科技翼力量# "
PpjQK2956,5160345060511568,https://weibo.com/1658388624/PpjQK2956,4,1658388624,新浪福建,第八届数字中国建设峰会于2025年4月28日-5月4日在福州召开，中国移动在峰会期间举办中国移动人工智能生态大会，设立主题展、主旨论坛及多个配套活动，我们诚挚邀请您莅临大会，共同见证一场人工智能与科技的盛宴，共创数智化美好未来! http://t.cn/A6dXC0j4 
Ppjso9KNK,5160329962324860,https://weibo.com/1649608047/Ppjso9KNK,12,1649608047,天极网,"第八届数字中国建设峰会现场体验区震撼开启！众多数字行业龙头企业汇聚，海量创新成果惊艳登场。4月28日14:00天极网、比特网双平台同步直播，邀你“云""盛会! 一键解锁数字前沿科技，沉浸式见证数字中国建设的创新成果。#第八届数字中国建设峰会# "
Ppdbo3VfL,5160088780935069,https://weibo.com/2274557072/Ppdbo3VfL,21,2274557072,吉祥新闻,"数智重构 管理新生
第八届数字中国建设峰会中国一汽现场体验区全景直播
4月29日至4月30日
敬请期待#数字峰会中国一汽现场体验##数智重构管理新生# （初审：许印德 复审：卢泽旭、刘紫涵 终审：上官圣） "
Ppde2kiDw,5160090424838202,https://weibo.com/2557129567/Ppde2kiDw,5,2557129567,华为中国,"数智赋能 万象焕新共生
#第八届数字中国建设峰会# 
倒计时1天
🕜4月28日-5月4日
📍中国·福州 海峡国际会展中心
#华为#诚邀您共赴福州
加速迈向智能世界 "
PpeVU5cda,5160156061238584,https://weibo.com/1678943394/PpeVU5cda,3,1678943394,福州头条,#数字峰会逛展攻略来了#第八届数字中国建设峰会现场体验区将于4月28日—5月4日在福州海峡国际会展中心1、2、3、4、9号馆开放。#第八届数字中国建设峰会# http://t.cn/A6d66xMA 
PpfhJaR9j,5160169592587589,https://weibo.com/1698857957/PpfhJaR9j,4,1698857957,海峡都市报,【#在福州烟台山解锁数字文旅新玩法# 】#第八届数字中国建设峰会#即将开幕，@海峡都市报 记者探访福州烟台山爱国路2号5G+MR元宇宙沉浸式体验项目，以及首个5G-A×AI智慧景区项目，体验“数字+文旅”的新玩法。 #有福之州遇见智慧未来# 
Ppf8vo9oc,5160163875755968,https://weibo.com/1864204590/Ppf8vo9oc,2,1864204590,台海时刻,#在福州沉浸式体验科幻片里的日常# 机器人会取代老师吗？看，10后小朋友们给出了满分开卷答案！4月29日-30日中国·福州，#第八届数字中国建设峰会# 原来童言童语还能这么解码硬核科技～ http://t.cn/A6d6Nfl9 
PpnmNddSH,5160480253151627,https://weibo.com/1864204590/PpnmNddSH,1,1864204590,台海时刻,没有驾照 也能在#第八届数字中国建设峰会#驾驶时速350km/h的复兴号？#台海时刻# http://t.cn/A6dSihWi 
PpmYHulZP,5160465317234397,https://weibo.com/5993581628/PpmYHulZP,1,5993581628,攻城狮_阿龙,#数字中国建设峰会#  
PpmcRzMjV,5160435658527227,https://weibo.com/2002148123/PpmcRzMjV,1536,2002148123,中国联通,中国联通以“低空+”为核心，深度融合5G-A通感一体、毫米波定位等前沿技术，解锁低空经济与干行百业的融合。4月28日至5月4日，我们与您相约福州海峡会展中心，走进#第八届数字中国建设峰会#·中国联通低空经济展区，解锁低空经济新时代！扫码了解更多↓↓#拥抱智能向新前行# 
PpirXfb2a,5160291253617338,https://weibo.com/3660447174/PpirXfb2a,56,3660447174,全球纳贤,#卢麒元[超话]#第八届数字中国建设峰会 http://t.cn/A6dXUHYz 
PpiYdqeL1,5160311256253259,https://weibo.com/1826017320/PpiYdqeL1,1,1826017320,IT之家,【第八届数字中国建设峰会明日开幕：现场体验区今日起向公众开放，首个开源鸿蒙桌面操作系统 KaihongOS 亮相】国家数据局宣布，目前各项准备工作已基本完成，5.6 万平方米的现场体验区从今天（28 日）起向公众开放，人工智能和数据元素突出。 
PpmWSxer1,5160464187920315,https://weibo.com/1678943394/PpmWSxer1,2,1678943394,福州头条,【数智建行 乘峰破浪】踏数浪，感“数度”。解锁AI助手、“科创雷达”评价工具，一分购福品，0元拍特产，体验建行版“模拟人生”；开打“消保八段锦”……4月28日-5月4日，#第八届数字中国建设峰会# 建行展厅（福州海峡国际会展中心9号馆建行厅），一起来和#数字峰会建个面# 吧！ 
Ppp9639BA,5160548640751910,https://weibo.com/1647860065/Ppp9639BA,5,1647860065,厦门航空,第八届数字中国建设峰会将于2025年4月29日至30日在福建省福州市举办，小白鹭向各界嘉宾传达来自福山福水的诚挚欢迎~[打call] 
PpkIdvBra,5160378217532080,https://weibo.com/1144393351/PpkIdvBra,16,1144393351,通信老柳,#第八届数字中国建设峰会# 联通和厦门大学合作研发的5G-A无人机来了，带算力模块，汽油发动，一次能飞六七个小时，时速最高200公里。这个是没有加外壳，整个外壳都套上后，就像个小的直升飞机，可以承重80公斤，价格真还不贵，要不要预订一套[哈哈]#中国联通##人工智能机器人# http://t.cn/A6dSvHEL 
Ppp7pDVzz,5160547599516105,https://weibo.com/2001627641/Ppp7pDVzz,524,2001627641,中国移动,"别人看风景，我看未来，来中国移动展区直接打卡AI+时代！
#智焕新生共创AI+时代##移起AI+##第八届数字中国建设峰会##中国移动人工智能生态大会# http://t.cn/A6doz0U8 "
Ppowy5F0q,5160524741349270,https://weibo.com/3365993480/Ppowy5F0q,5,3365993480,福建日报,#2025数字中国建设峰会# 云端探“数”｜我在数字峰会，遇见了未来之光 #第八届数字中国建设峰会##数字中国建设峰会福州见# http://t.cn/A6dSdxFm 
PpkLxwoIT,5160380277721535,https://weibo.com/2001627641/PpkLxwoIT,527,2001627641,中国移动,数字产业圈一年一度的“顶流盛会”第八届数字中国建设峰会在福州再燃“烽火”。福州海峡国际会展中心一秒化身“未来科技城”，AI智能机器人齐聚一堂，无人机与飞行器蓄势待发，现场体验区已面向公众开放！#第八届数字中国建设峰会# #智焕新生共创AI+时代##移起AI+#  http://t.cn/A6da772b 
PpjKUb9IJ,5160341442658977,https://weibo.com/2001627641/PpjKUb9IJ,527,2001627641,中国移动,【央视报道】#第八届数字中国建设峰会# 现场体验区今起开放。中国移动表示：未来，家庭服务机器人产业链将更加成熟、应用场景将不断细分。#智焕新生共创AI+时代# http://t.cn/A6dXNHxl 
PplgAyGDt,5160399528267047,https://weibo.com/1948654380/PplgAyGDt,12,1948654380,福州校园,#来福州探秘数字中国建设峰会# 数字中国建设峰会即将在福州举办！[打call]福州变身赛博朋克试验场！AR眼镜解锁三坊七巷“数字历史层”，闽江夜游投影AI水墨画，会展中心门口机器人派发“未来通行证”！速来打卡：拍下最炫数字装置吧！[送花花]（via.[音乐]福州日报） http://t.cn/A6dayFFb 
PplgCqEZJ,5160399546354115,https://weibo.com/2729096334/PplgCqEZJ,37,2729096334,福建气象,#数字气象护航新福建建设# 倒计时1天！数字中国建设峰会数字气象分论坛与您相约福州 http://t.cn/A6dayscf 
PpkDskZOF,5160375265004185,https://weibo.com/2001627641/PpkDskZOF,523,2001627641,中国移动,#咪咕亮相数字峰会# 第八届数字中国建设峰会正在进行时！直击中国移动咪咕展区：AI+大空间、AI+视频彩铃、AI+合拍、AI+音乐、AI+智能陪练、AI+直播制播等重点区域，超多科技创意玩法等你来体验！#智焕新生共创AI+时代# #移起AI+# http://t.cn/A6davrIS 
PpnZKrASB,5160504406576625,https://weibo.com/2274557072/PpnZKrASB,21,2274557072,吉祥新闻,【“数智重构 管理新生”第八届数字中国建设峰会中国一汽现场体验区全景直播，敬请期待！】4月29日至4月30日，“数智重构 管理新生”第八届数字中国建设峰会中国一汽现场体验区全景直播，不见不散！#数字峰会中国一汽现场体验##数智重构管理新生# （初审：许印德 复审：卢泽旭、刘紫涵 终审：上官圣） 
Ppo2Gu40s,5160506227165244,https://weibo.com/2105233450/Ppo2Gu40s,2,2105233450,只有半边酒窝的布点,THE 8TH DIGITAL CHINA SUMMIT #数字中国建设峰会##福州[超话]#  http://t.cn/A6dSptua 
Ppm6YjYbX,5160432004759613,https://weibo.com/1783497251/Ppm6YjYbX,136,1783497251,李杰灵,"参加数字中国建设峰会，
感觉自己今天很有牌面。[加油]  "
PplI4sHLX,5160416566841449,https://weibo.com/1974463730/PplI4sHLX,7,1974463730,西安移动,"#咪咕亮相数字峰会#第八届数字中国建设峰会正在进行时！
直击中国移动咪咕展区：AI+大空间、AI+视频彩铃、AI+合拍、AI+音乐、AI+智能陪练、AI+直播制播等重点区域超多科技创意玩法等你来体验！逛渴了还可以来咪咕咖啡展台喝杯“快乐饮品”喔～更多精彩，请持续关注咪咕展区。#动感时刻# "
Ppk2V2aOx,5160352610518229,https://weibo.com/2002148123/Ppk2V2aOx,1486,2002148123,中国联通,数智赋能，潮涌榕城。#第八届数字中国建设峰会#·工业互联网产业生态大会召开在即，中国联通将携手政产学研各界举办生态共创启动仪式，现场签署行业模型共创、平台共赢、生态共建战略合作协议，发布格物Unilink双跨平台AI跃迁成果、元景工业数智融合成果。更多精彩，敬请持续关注！#拥抱智能向新前行# 
Ppk2V7Gr5,5160352611831423,https://weibo.com/2639029341/Ppk2V7Gr5,4,2639029341,福州发布,#ai看福州# 【数字峰会体验区邀你来打卡】#有福之州遇见数智未来# 第八届数字中国建设峰会现场体验区今起亮相，将持续到5月4日，其中4月28日、29日为专业观众日。大批前沿科技产品已亮相福州海峡国际会展中心，届时将给观众带来一场美妙的数字之旅。#数字中国建设峰会福州见#http://t.cn/A6dXNzGp 
PpkmShNrJ,5160364984241651,https://weibo.com/1795297365/PpkmShNrJ,4,1795297365,何大壮儿,#数字中国建设峰会#  
Ppp3qFmA5,5160545129858253,https://weibo.com/2002148123/Ppp3qFmA5,1397,2002148123,中国联通,"晚安！
#第八届数字中国建设峰会# 
#拥抱智能向新前行# "
Ppp3vaRRk,5160545172590318,https://weibo.com/1935474455/Ppp3vaRRk,1,1935474455,新闻110,【用VR追“唐诡”，沉浸式探案超好玩】《唐朝诡事录·西行》国潮沉浸剧场项目作为第八届数字中国建设峰会的数字应用场景之一，精彩亮相福州三坊七巷！一起跟着盖子去体验一下吧！#第八届数字中国建设峰会##有福之州遇见数智未来##数字中国建设峰会福州见# http://t.cn/A6do7JbD 
PpjC6oD5b,5160335985870109,https://weibo.com/2694810701/PpjC6oD5b,4,2694810701,中国移动手机俱乐部,“加速，中国移动报到”，每一步都在走进美好未来，中国移动展台亮相#第八届数字中国建设峰会# ，解锁AI+时代的无限可能！#智焕新生共创AI+时代##移起AI+#http://t.cn/A6d6GwAG 
PpjCWA1mt,5160336508585045,https://weibo.com/1144393351/PpjCWA1mt,1,1144393351,通信老柳,#第八届数字中国建设峰会#明天盛大开幕，正火速赶往福州，我要重点看看人工智能和低空经济，还有中国联通的展台，相信会有收获。 
PpjEz3cMY,5160337510764148,https://weibo.com/2001627641/PpjEz3cMY,521,2001627641,中国移动,"#第八届数字中国建设峰会#
中国移动人工智能生态大会
福建海峡会展中心3号馆3C01展位
中国移动数字领域前沿应用已就位
邀您移起开启美好数字未来
#智焕新生共创AI+时代#
#移起AI+# "
PpnUlDXwE,5160501059523612,https://weibo.com/2001627641/PpnUlDXwE,6339,2001627641,中国移动,智创未来，AI了AI了，小编带你沉浸式打卡#第八届数字中国建设峰会# 中国移动展区。#智焕新生共创AI+时代##移起AI+# http://t.cn/A6dS9etM 
PprkwbYqR,5160632602853913,https://weibo.com/7622552365/PprkwbYqR,2,7622552365,青龙大侠QLDX,2025.4.28参观第八届数字中国建设峰会之二。#第八届数字中国建设峰会#  
PptFACvQs,5160722549178880,https://weibo.com/2001627641/PptFACvQs,518,2001627641,中国移动,"听见AI的答案，看见时代的方向
4月29日 15:00
关注@中国移动 观看直播
开创AI+时代美好未来
#智焕新生共创AI+时代# #移起AI+#
#第八届数字中国建设峰会# #中国移动人工智能生态大会# "
PpsST0NDl,5160692350190795,https://weibo.com/1649608047/PpsST0NDl,12,1649608047,天极网,第八届数字中国建设峰会现场体验区4月28日至5月4日亮相福州，5.6万平方米超大展区，行业百强齐聚，硬核科技成果大秀场。想直击这场科技盛会的高光时刻？4月29日14:00锁定天极网、比特网直播间，跟随镜头零距离感受数字中国建设的创新硕果，领略前沿科技的无限魅力！#第八届数字中国建设峰会# 
Pplua7sJJ,5160407941778763,https://weibo.com/5749860995/Pplua7sJJ,1,5749860995,铀媒,2025年4月28日，#第八届数字中国建设峰会# 在福州海峡国际会展中心正式启幕。作为上海数字领域企业代表，蜜度携两大核心产品——智慧城市建设大数据应用平台“城感通”与大模型办公一体机“模力通”，亮相上海数字展团9D02展位，以“数据+算法”双引擎驱动数字化转型实践，成为全场焦点。 
Ppjzc6qQR,5160334181533189,https://weibo.com/2002148123/Ppjzc6qQR,1842,2002148123,中国联通,数实融合纵深推进，联通力量全面升级，展区已就绪，只待盛会启幕。#第八届数字中国建设峰会#倒计时1天，中国联通邀您共赴数字盛会，共享数智未来！#拥抱智能向新前行# http://t.cn/A6dXKdxe 
PpoGocDqw,5160530843011496,https://weibo.com/1721096151/PpoGocDqw,7,1721096151,图远先生,#各界大咖点赞数字中国建设峰会  卢麒元：在新时代建设中国特色社会主义，最伟大的物理建设之一就是建设数字中国。4月29日-30日中国·福州，#第八届数字中国建设峰会#卢麒元[超话]# http://t.cn/A6dSDJ1r 
Ppu3F8m4B,5160737471991477,https://weibo.com/5560018394/Ppu3F8m4B,1,5560018394,说教师,咸阳市2025年上半年面向社会人员开展普通话水平测试工作的公告  http://t.cn/A6dK6xyN  #咸阳市##陕西普通话考试##第八届数字中国建设峰会# 
PpjwE1bMk,5160332600283608,https://weibo.com/1975415803/PpjwE1bMk,115,1975415803,中国电信,"第八届数字中国建设峰会
#2025智能云生态大会# 
数智国云 共谱新篇 倒计时2天
2025.04.30中国·福州 邀您共鉴
#科技翼力量# "
PptFddDrT,5160722313249909,https://weibo.com/2590506142/PptFddDrT,2,2590506142,北京丰台,【拥抱数字经济！丰台在福州举办洽谈会达成多项合作意向】4月28日，正值第八届数字中国建设峰会启幕之际，丰台区积极把握行业交流契机，在福州举办#数字经济#领域投资合作洽谈会。详情：http://t.cn/A6dK4o43 
PpjsomX3S,5160329965470252,https://weibo.com/1975415803/PpjsomX3S,110,1975415803,中国电信,#电信日历# 4月28日至5月4日，以“二十五载奋进路 数字中国谱新篇”为主题的第八届数字中国建设峰会在福建福州举办。中国电信全面部署、精细落实，全力护航峰会通信畅通无阻。#用户至上 用心服务# #2025智能云生态大会# 
PpvDmmpWO,5160798045342962,https://weibo.com/2001627641/PpvDmmpWO,524,2001627641,中国移动,这个展区有魔法！PAD云电脑、智能睡眠带……统统变成了“手办”！中国移动正在用“AI之力”让大家的生活服务、健康管理更加便捷，一起来#第八届数字中国建设峰会# 中国移动展区逛逛吧！#智焕新生共创AI+时代# #移起AI+# 
Ppn5w1zgc,5160469540373872,https://weibo.com/1935474455/Ppn5w1zgc,1,1935474455,新闻110,春晚机器人“弟弟”来峰会啦！和记者pk“踩点舞”，谁跳得好？评论区来留言#第八届数字中国建设峰会##有福之州遇见数智未来##数字中国建设峰会福州见# http://t.cn/A6dSIIKc 
PpmJbDzSq,5160455699432706,https://weibo.com/6263709425/PpmJbDzSq,2,6263709425,鲜枣课堂小枣君,华为展台，主要是打造数字基础设施以及赋能行业数智化。 #数字中国建设峰会# 
Ppu1HqXIU,5160736256426108,https://weibo.com/2001627641/Ppu1HqXIU,524,2001627641,中国移动,骑上大鹅、撸撸小猫，一不小心AI上了这个新世界。#第八届数字中国建设峰会##智焕新生共创AI+时代##移起AI+# http://t.cn/A6dKiDAf 
Ppu1P855t,5160736331926183,https://weibo.com/2001627641/Ppu1P855t,518,2001627641,中国移动,智连未来！和中国移动“移”起穿越AI浪潮，最新AI黑科技给你不一样的体验#智焕新生共创AI+时代##移起AI+##第八届数字中国建设峰会##中国移动人工智能生态大会# http://t.cn/A6dKikEz 
PpmtPiAVT,5160446174431877,https://weibo.com/2133102750/PpmtPiAVT,17,2133102750,科大讯飞,"在吗？您的24小时全能社区管家来啦[哇]
能唠嗑，会办事[举手]24小时全天在线秒回，助力社工高效处理工单，助管理者智慧预判风险[老师夸夸]
想现场体验？4月28日-5月4日第八届数字中国建设峰会等你来打卡[来] #数字中国建设峰会# "
PpmIgAHUf,5160455128748587,https://weibo.com/6263709425/PpmIgAHUf,2,6263709425,鲜枣课堂小枣君,人挺多的，非常热闹[嘻嘻] #数字中国建设峰会# 
Ppw1qCBnF,5160812969200159,https://weibo.com/1727576483/Ppw1qCBnF,1,1727576483,zxj100409,"可可爱爱
#第八届数字中国建设峰会##机器狗#  "
PpmZA7axR,5160465861708835,https://weibo.com/2002148123/PpmZA7axR,1551,2002148123,中国联通,联通首设，先睹为快！#第八届数字中国建设峰会#·中国联通低空经济展区4月28日精彩开展，诚邀您共赴“触手可及”的低空盛宴，见证数字中国的“飞”凡时刻！#拥抱智能向新前行# http://t.cn/A6dSVkhE 
PpwM7wyNO,5160841917760280,https://weibo.com/2359359985/PpwM7wyNO,1,2359359985,百度营销,"4月29日，第八届数字中国建设峰会中国移动人工智能生态大会主旨论坛在福建福州召开，中国移动立足“供给者、汇聚者、运营者”定位，发布“九天”人工智能基座升级、首批信息消费“新三样”产品、AI能力联合舰队三项重磅成果，全面实施“AI+”行动计划，赋能经济社会数智化转型。
#智焕新生共创AI+时代# "
PptDw5jds,5160721261265510,https://weibo.com/2171536211/PptDw5jds,4,2171536211,遇见福州,"#福州乘数而上# AI续写非遗、VR漫游坊巷、低空经济绘蓝图，数智动能激活千年闽都！来福州见证硬核科技首秀+沉浸式福韵体验。来#第八届数字中国建设峰会# 解锁「有福密码」
✨ 有福之州，欢迎您！#福州[地点]# http://t.cn/A6dKU7nZ "
PptccyYvq,5160704328335740,https://weibo.com/1245732825/PptccyYvq,968,1245732825,卢麒元,祝第八届数字中国建设峰会圆满成功。 
Ppn0jiACT,5160466314430699,https://weibo.com/6263709425/Ppn0jiACT,2,6263709425,鲜枣课堂小枣君,卖家秀和买家秀#数字中国建设峰会# 
PptawBuo3,5160703288934947,https://weibo.com/2749360471/PptawBuo3,15,2749360471,震长,#第八届数字中国建设峰会#今天开幕，@中国联通 低空经济展区已经准备就绪，推荐大家来这里打卡，了解产业发展趋势，体验最新科技成果。#拥抱智能向新前行##算网数智赋能未来# http://t.cn/A6dodsWQ 
PpvdbCpMf,5160781819155555,https://weibo.com/2730549204/PpvdbCpMf,1,2730549204,共青团福建省委,【AI，让福州的千年古巷“开口说话”】#福州乘数而上# 扫一扫，就能解锁你的“专属历史剧本”，演出购票、打卡攻略、拍照神角度，通通用AI“外挂”来搞定！4月29日-30日中国·福州，#第八届数字中国建设峰会# 不用等、不用挤，来感受文旅的“天花板级”体验！ http://t.cn/A6dKkAHP 
PpuLgCRvF,5160764509262159,https://weibo.com/1673438413/PpuLgCRvF,2,1673438413,好5G,打卡#第八届数字中国建设峰会# ，中国联通自主研发的大型无人机可作为应急通信使用，续航时间达到6-8小时，搭载卫星基站快速恢复通信，工业级无人机理想选择。#拥抱智能向新前行# 
Ppmr6gd7a,5160444483863664,https://weibo.com/1878677363/Ppmr6gd7a,1837,1878677363,Digi科技匠,数字中国建设峰会连续七届在福州成功举办，对发展带来了全方位深远影响和积极成效。4月28日-5月4日迎来了第八届数字中国建设峰会 · 2025智能云生态大会，经过了一段时间的沉淀，中国电信带来了数字建设创新成果，和新的科技惊喜，快来跟我一起探索吧～，关注大会直播@中国电信 #2025智能云生态大会# 
Ppxv9qGhA,5160869836359066,https://weibo.com/1725140604/Ppxv9qGhA,2,1725140604,小佸,#第八届数字中国建设峰会# 无人机表演 
Ppx9Yym69,5160856708188101,https://weibo.com/5651101017/Ppx9Yym69,3,5651101017,三剑客,4月29日，#第八届数字中国建设峰会# 在福州举行。中国电信董事长柯瑞文出席峰会开幕式，并在主论坛上发表题为《云网筑基 数智赋能，共谱数字中国建设新篇章》的主旨演讲。 http://t.cn/A6d9WO5T 
PpmpTp2mg,5160443735967268,https://weibo.com/5639902078/PpmpTp2mg,4,5639902078,兵丌霖呀,来福州参加#第八届数字中国建设峰会# 啦！  
PpsJbiWbG,5160686334513580,https://weibo.com/1144393351/PpsJbiWbG,12,1144393351,通信老柳,#第八届数字中国建设峰会# 关键时刻，还得通信国家队！八闽毓秀，乘“数”焕新。中国联通再度担任第八届数字中国建设峰会主场馆网络保障服务的独家承接商，以优质网络、硬核科技为峰会保驾护航，全力打造一场通信保障完备、科技感十足的数字盛会。#拥抱智能向新前行# http://t.cn/A6doEyHa 
PpuJX6Qof,5160763691631359,https://weibo.com/1144393351/PpuJX6Qof,10,1144393351,通信老柳,#第八届数字中国建设峰会#中国联通自研的油电混动的垂直起降无人机，可以成为一个基站在天空建立起无线通信网络，实现六公里的网络覆盖。还可以进行应急巡检，中继控制机器狗进行地面搜索等，飞机盘旋半径八百米，起飞高度1000-3000米，飞行6-8小时，每台640万左右。 #拥抱智能向新前行# 
PpyBCrT8z,5160912286646807,https://weibo.com/7867593842/PpyBCrT8z,1,7867593842,来自天翼云的云宝,【万 众 瞩 目 ！就 在 这 里 ！】4月29日，万众瞩目的#第八届数字中国建设峰会#在福州举行，中国电信董事长柯瑞文出席峰会开幕式并在主论坛上发表题为《云网筑基 数智赋能，共谱数字中国建设新篇章》的主旨演讲。#数智国云 共谱新篇# #天翼云##算力即国力# @中国电信  http://t.cn/A6dCUULc 
PpwEwvIax,5160837207557957,https://weibo.com/2001627641/PpwEwvIax,529,2001627641,中国移动,【首批“新三样”多形态产品集中亮相 中国移动加速推动信息消费升级】4月29日，第八届数字中国建设峰会期间，中国移动携十余家产业合作伙伴共同登台，首次集中展示中国移动信息消费“新三样”产品。 http://t.cn/A6d99wlG 
PpvbFlH4b,5160780875170439,https://weibo.com/2730549204/PpvbFlH4b,2,2730549204,共青团福建省委,"#福州乘数而上##第八届数字中国建设峰会#，科技“顶流”齐聚福州，向世界展示城市魅力！除了“含金量”十足现代科技，有福之州更有满满福气！
山是翠色的长卷，海是蓝调的浪漫，古厝是历史的诗行，连空气都浸着茉莉的芬芳！一起出发，奔赴福州吧！@遇见福州 "
PptBlkxCT,5160719914895823,https://weibo.com/5749860995/PptBlkxCT,1,5749860995,铀媒,蜜度 “城感通” 和 “模力通” 超吸睛！城感通支持一键处置交通拥堵、火灾等突发事件，让城市治理更高效智能；模力通化身全能办公助手，智能写作、多语言翻译等八大功能超实用。#第八届数字中国建设峰会##福州# 
PptC41aPP,5160720360279981,https://weibo.com/2729096334/PptC41aPP,6,2729096334,福建气象,#第八届数字中国建设峰会##数字气象护航新福建建设#刚刚！第八届数字中国建设峰会开幕 http://t.cn/A6dKL3xL 
PpsGHFCOA,5160684799920656,https://weibo.com/2001627641/PpsGHFCOA,528,2001627641,中国移动,【当前沿科技遇上AI卡通化】瞧，AI 技术深度融入的智慧工厂、智慧矿山、智慧海洋等项目可爱且新锐。AI 之力，正在重塑我们的生活与工作。在数字中国建设浪潮中，和中国移动一起感受这场科技盛宴吧！#智焕新生共创AI+时代# #第八届数字中国建设峰会# #移起AI+# 
PptXRwriA,5160733877731436,https://weibo.com/2171536211/PptXRwriA,2,2171536211,遇见福州,"三条簪，福州女儿头上的文化符号！#第八届数字中国建设峰会# 期间，西湖公园的数字生活体验馆上线，AI三条簪非遗互动、AR祈“福”签……扫码“戴上”三条簪，解锁古代才女互动剧情！传统美学×数字技术，让你秒变闽都十二时辰主角！ #福州乘数而上# 
via@福州广播电视台 "
PpwkuF7c2,5160824789799102,https://weibo.com/2001627641/PpwkuF7c2,528,2001627641,中国移动,【中国移动人工智能生态大会主旨论坛】中国移动AI能力联合舰队首航 #智焕新生共创AI+时代##移起AI+##第八届数字中国建设峰会# http://t.cn/A6d9ijjH 
Ppt0ZhxrP,5160697374180153,https://weibo.com/1895697240/Ppt0ZhxrP,2,1895697240,福州日报,【AI数字奇妙日】#福州乘数而上#当林则徐碰上AI，会碰撞出什么样的火花?第八届数字中国建设峰会今日开幕，一起进入“数字”世界吧!#有福之州遇见数智未来##第八届数字中国建设峰会# http://t.cn/A6doBMwu 
PpsACnnnn,5160681025571405,https://weibo.com/2002148123/PpsACnnnn,1322,2002148123,中国联通,"早安！
#第八届数字中国建设峰会# 
#拥抱智能向新前行# "
PpwiIFhti,5160823689838612,https://weibo.com/2001627641/PpwiIFhti,522,2001627641,中国移动,【中国移动人工智能生态大会主旨论坛】中国移动九天人工智能基座升级 #智焕新生共创AI+时代##移起AI+##第八届数字中国建设峰会# http://t.cn/A6d9JlTS 
PpwiJwkIW,5160823697706162,https://weibo.com/2729096334/PpwiJwkIW,13,2729096334,福建气象,#第八届数字中国建设峰会##数字气象护航新福建建设# 数智气象赋能，护航千行百业！第八届数字中国建设峰会数字气象分论坛举办 http://t.cn/A6d9JjMx 
PpsB4olGZ,5160681305803261,https://weibo.com/6085321132/PpsB4olGZ,1,6085321132,白菜酱谈交联,"#白菜酱谈交联##交联十年##交通联合[超话]#【DCS 2025，GO！】
#数字中国##第八届数字中国建设峰会# "
PpsEMAFkX,5160683608738711,https://weibo.com/1144393351/PpsEMAFkX,12,1144393351,通信老柳,#第八届数字中国建设峰会#中国联通低空经济超大展区，一系列亮眼的高科技产品，我仿佛看到了未来的样子！#拥抱智能向新前行# http://t.cn/A6doR7yn 
PpxVFwBPq,5160886277771912,https://weibo.com/5639902078/PpxVFwBPq,3,5639902078,兵丌霖呀,第三次参加数字中国建设峰会！今年的现场体验区首次设立低空经济专区，各展区互动体验项目也是异常丰富！#第八届数字中国建设峰会#  
PpytVyCpX,5160907518250833,https://weibo.com/2002148123/PpytVyCpX,1269,2002148123,中国联通,"晚安！
#第八届数字中国建设峰会# 
#拥抱智能向新前行# "
PpwBM4bSK,5160835500998990,https://weibo.com/5143653913/PpwBM4bSK,12,5143653913,中国一汽,"[威武] 中国智造 品质护航
106辆红旗车服务保障第八届数字中国建设峰会
提供卓越舒适出行体验~
@一汽红旗 #数智化新一汽# http://t.cn/A6d9Kp7r "
PpuEtzqc3,5160760298442171,https://weibo.com/2639029341/PpuEtzqc3,2,2639029341,福州发布,#福州乘数而上#【AI数字奇妙日】当林则徐碰上AI，会碰撞出什么样的火花？第八届数字中国建设峰会今日开幕，一起进入“数字”世界吧！#ai看福州#  #第八届数字中国建设峰会# http://t.cn/A6dK7DLK 
PpsZJ1xWF,5160696590368817,https://weibo.com/6263709425/PpsZJ1xWF,1,6263709425,鲜枣课堂小枣君,"“共筑城市智能体，共赢 AI 新 CITY”。
城市数字化，和我们每个人的生活都息息相关。引入AI智能和智能体，会让城市数字化迈向更高的层级，大幅提升政务服务效率和民生满意度。
#数字中国建设峰会#
#数字中国AICITY高峰论坛# 
#第八届数字中国建设峰会# 
#拥抱智能向新前行# "
PpszBFfQL,5160680399832379,https://weibo.com/5364020718/PpszBFfQL,1,5364020718,最爱福州,"#第八届数字中国建设峰会#今日开幕 活动场次和报名人数创新高

今天的微博开屏 是图二[good][good] "
PpuhbvgPE,5160745857452874,https://weibo.com/2770287475/PpuhbvgPE,1,2770287475,詹斗士Kayzhan,"#第八届数字中国建设峰会#
一年一度，三坊七巷～[给你小心心]  "
PptTuAFDI,5160731168739874,https://weibo.com/2003649903/PptTuAFDI,1,2003649903,毛伟洋,#数字中国# 数字中国建设峰会，文化和旅游部展厅。  
Ppwe5rbjK,5160820816478364,https://weibo.com/5639902078/Ppwe5rbjK,2,5639902078,兵丌霖呀,#第八届数字中国建设峰会# 展会现场怎么能少的了我们消防员的身影！  
Ppz8lx9PP,5160932577902633,https://weibo.com/5651101017/Ppz8lx9PP,6,5651101017,三剑客,4月29日，#第八届数字中国建设峰会# 期间，2025智能云生态大会·智能云合作论坛在福州举办。会上，中国电信天翼云与鹏城实验将在云计算、人工智能、大数据等前沿技术领域开展深度融合与协同创新，共同推动数字经济发展与科技强国建设。 http://t.cn/A6dCIW2E 
PptSZxYfU,5160730858096450,https://weibo.com/3365993480/PptSZxYfU,7,3365993480,福建日报,【#2025数字中国建设峰会# 】第八届数字中国建设峰会在福州开幕#第八届数字中国建设峰会##福州乘数而上# http://t.cn/A6dKx1M5 
Ppug8dbSv,5160745203143927,https://weibo.com/2001627641/Ppug8dbSv,524,2001627641,中国移动,未来理想生活和我家的距离，就差一个机器狗！和机器修勾互动真实体验有多上头？来看现场记录。#智焕新生共创AI+时代# #移起AI+# #第八届数字中国建设峰会#  #中国移动人工智能生态大会# http://t.cn/A6dKoyUj 
PpsY2mVI4,5160695545465056,https://weibo.com/6263709425/PpsY2mVI4,1,6263709425,鲜枣课堂小枣君,中国移动展台，一些内容不久前刚看过[嘻嘻] #数字中国建设峰会# #拥抱智能向新前行# #第八届数字中国建设峰会# 
PpsYecbYr,5160695662905967,https://weibo.com/1975415803/PpsYecbYr,98,1975415803,中国电信,"第八届数字中国建设峰会
#2025智能云生态大会#
数智国云 共谱新篇 倒计时1天
2025.04.30中国·福州 邀您共鉴
#科技翼力量# "
PpwB8wFWy,5160835107787730,https://weibo.com/5364020718/PpwB8wFWy,12,5364020718,最爱福州,"#第八届数字中国建设峰会#50个重点项目集中签约  总投资505亿

中国顶级电竞战队—NOVA电竞俱乐部总部签约落地晋安区 "
PpvxIgi0B,5160794543882477,https://weibo.com/1685262231/PpvxIgi0B,2,1685262231,福建新闻广播fm1036,#数字中国建设峰会福州见##有福之州遇见数智未来#“AI会取代人类吗”？今天我们来第八届数字中国建设峰会寻找答案。http://t.cn/A6d97SEE 
Ppmlu7zv1,5160441001804759,https://weibo.com/1920658332/Ppmlu7zv1,1,1920658332,福建博物院,#第八届数字中国建设峰会# 大幕将启，来4C01展位，这里有一场超酷的 “数字文博盛宴”等你来打卡。 http://t.cn/A6daQWNZ 
PpsT0Carj,5160692429096597,https://weibo.com/6783705109/PpsT0Carj,2,6783705109,小恶魔aoo,#第八届数字中国建设峰会# 出行计划：下午和同学前往海峡国际会展中心看数字中国建设峰会 
Ppv9eAcDX,5160779368628413,https://weibo.com/5143653913/Ppv9eAcDX,1,5143653913,中国一汽,"#数智化新一汽# 中国智造 品质护航 [冲刺][冲刺][冲刺]
106辆红旗车服务保障第八届数字中国建设峰会
以卓越品质护航峰会，展现中国智造的实力与魅力  http://t.cn/A6dKd0BU "
Ppx0cqJjl,5160850646370707,https://weibo.com/2001627641/Ppx0cqJjl,527,2001627641,中国移动,【中国移动总经理何飚：共筑数智新生态 共创“AI+”新未来】4月29日，在第八届数字中国建设峰会期间，中国移动成功举办人工智能生态大会，中国移动总经理何飚出席大会主论坛并作题为《共筑数智新生态 共创“AI+”新未来》的主旨演讲。 http://t.cn/A6d90aHz 
Ppx0MdcBg,5160851003146702,https://weibo.com/1107613433/Ppx0MdcBg,19,1107613433,高庆一,#第八届数字中国建设峰会# 具身智能、未来出行、AI手机等等，这些与我们日常生活息息相关的科技发展，到底会对未来产生什么样的助力？明天上午，我陪大家感受一下国之重器的科技魅力。  
Ppues4GnA,5160744161116222,https://weibo.com/5652189783/Ppues4GnA,1,5652189783,海南廖孝炳,#数字中国有福之州#当三坊七巷的古厝遇见具身智能机器人，当闽江之心的夜色点亮低空经济无人机群， #福州乘数而上#以“数智之光”开启高质量发展新篇章！4月29日-30日，#第八届数字中国建设峰会#邀你共赴“科技+人文”双盛宴。 http://t.cn/A6dKLlh9 
Ppuuwgnp8,5160754123903218,https://weibo.com/2338851853/Ppuuwgnp8,10,2338851853,小雁科技,"⏳ 今天！诚邀共赴硬核科技之约！
第八届数字中国建设峰会・智能云生态大会
✨#数智国云 共谱新篇#智能云合作论坛，即将重磅启幕！
⏰ 4月29日14:00｜福州
关注中国电信天翼云视频号锁定直播 "
Ppvxh6m8u,5160794271515062,https://weibo.com/2171536211/Ppvxh6m8u,3,2171536211,遇见福州,"#数字中国建设峰会福州见# 坐“VR当汗血宝马”狂飙，看国画书法机器人挥毫泼墨，和美女机器人唱歌跳舞唠嗑……机器人天团和数字新技术、新产品都将在会上与大家见面。还在等什么？相约伙伴，一同探索数智前沿，见证数字中国建设的蓬勃活力与无限可能！ #有福之州遇见数智未来# 
via@福州日报 "
Ppvxoux4D,5160794347276979,https://weibo.com/1685262231/Ppvxoux4D,3,1685262231,福建新闻广播fm1036,#数字中国建设峰会福州见##有福之州遇见数智未来#【榕城夜空上演无人机灯光秀】“机器人”空中扭秧歌、“天空之门”演绎梦幻星河、“茉莉花”绽放...28日晚，以“有福之州 畅游五一”为主题的无人机灯光秀在闽江之心茉莉大街上空精彩呈现了一场视觉文旅盛宴。http://t.cn/A6dK4mqb 
PpxcMB23u,5160858448826040,https://weibo.com/2002148123/PpxcMB23u,1882,2002148123,中国联通,15分钟空运救命血，断网灾区秒连5G信号……这些颇具未来感的场景已成现实！戳视频，我们带大家打卡#第八届数字中国建设峰会#中国联通低空经济展区，见证数字中国的“飞”凡时刻！#拥抱智能向新前行# http://t.cn/A6d9lq2v 
PpvwNfC0D,5160793973721031,https://weibo.com/1685262231/PpvwNfC0D,2,1685262231,福建新闻广播fm1036,#数字中国建设峰会福州见##有福之州遇见数智未来#【闽江潮涌处 数字共春生】29日，第八届数字中国建设峰会在福州盛大启幕。8年来，这场数字之约枕着闽江潮水的粼粼碧波，荡漾起数字中国建设的多彩涟漪。http://t.cn/A6d9PO9s 
Ppv8VEngu,5160779179622554,https://weibo.com/3163782211/Ppv8VEngu,3,3163782211,平安天津,【福州仓山提升护企安商服务水平】#平安2025# 四月的福州，春意盎然。在福建省福州市仓山区海峡国际会展中心，第八届数字中国建设峰会拉开帷幕，福州市公安局仓山分局的民警们正指导主办方不断完善安防设施。#公安心向党 护航新征程# http://t.cn/A6dKdV8Y 
PpwROlHl4,5160845445171486,https://weibo.com/1895989612/PpwROlHl4,1,1895989612,福州仓山警方在线,【仓山公安 • 平安护航】数字峰会里的“硬核守护”    直击#第八届数字中国建设峰会# 仓山安保一线 
PpCjo52qD,5161054741200979,https://weibo.com/1975415803/PpCjo52qD,106,1975415803,中国电信,#电信日历# 近日，中国电信智能云生态成果展盛大亮相第八届数字中国建设峰会现场体验区。中国电信以“数智国云 共谱新篇”为主题，为广大用户呈现算力调度、模型管理、量子科技、安全能力、数据中台、AI行业应用等一系列领域的创新成果。#用户至上 用心服务# #2025智能云生态大会# 
PpD64CwDx,5161084929181923,https://weibo.com/3176185864/PpD64CwDx,1,3176185864,人民网湖北频道,AI时代“新三样”究竟是哪样？——探馆2025数字中国建设峰会（广告） http://t.cn/A6dNhg5c 
PpCHJttPy,5161069837026184,https://weibo.com/2639029341/PpCHJttPy,1,2639029341,福州发布,#科技福州# 【第八届数字中国建设峰会主论坛精彩观点集萃】#第八届数字中国建设峰会# 在29日举行的第八届数字中国建设峰会主论坛上，与会嘉宾分享数字中国建设经验、交流建设成果，畅谈人工智能、数字技术、科技创新等，一起来看看→http://t.cn/A6dCgpFu 
PpCj5cvZX,5161054552982941,https://weibo.com/2024597120/PpCj5cvZX,28,2024597120,科技Sexy,"来有福之地参加数字中国建设峰会啦！
今天上午的分论坛是数智化重构企业管理范式论坛，中国一汽董事长邱现军发表讲话，数字化已然成为主旋律。
#第八届数字中国建设峰会#  "
PpxKa9gq5,5160879142208073,https://weibo.com/7922294356/PpxKa9gq5,2,7922294356,白莲之韵,科技创新超级无敌！数字引领是时代发展新潮流！走进现场，见证奇迹！八届数字中国建设峰会于2025年4月29日—30日在福州举办。期间见证奇迹，期待惊喜！ http://t.cn/A6d9BMKC 
PpwaflFHQ,5160818435165210,https://weibo.com/1975415803/PpwaflFHQ,107,1975415803,中国电信,站在数字中国建设新的历史起点上，中国电信将坚定履行使命责任，全面拥抱人工智能，推动企业战略升级，更好赋能经济社会数智化转型发展。——中国电信董事长柯瑞文在第八届数字中国建设峰会主论坛演讲 #2025智能云生态大会# #科技翼力量# http://t.cn/A6d9cgqv 
PptNri5vh,5160727414311063,https://weibo.com/2002148123/PptNri5vh,1523,2002148123,中国联通,化身飞行员纵览山河盛景，感受超低空飞行的速度与激情；紧急时刻，无人机15分钟配送血液……这些颇具未来感的场景，正在#第八届数字中国建设峰会#中国联通低空经济展区火热上演。一组精彩高清大图来袭！#拥抱智能向新前行# 
Ppvv1F5wt,5160792879792681,https://weibo.com/6263709425/Ppvv1F5wt,1,6263709425,鲜枣课堂小枣君,中国联通主办的工业互联网产业生态大会，干货不少，值得认真听听。#第八届数字中国建设峰会##数字中国建设峰会##拥抱智能向新前行# 
PpEh9m6lT,5161130235267637,https://weibo.com/2002148123/PpEh9m6lT,1264,2002148123,中国联通,4月28日—5月4日，#第八届数字中国建设峰会#现场体验区在福州海峡国际会展中心开放参观。中国联通展区精心打造了联通元景、数网共创，以及AI赋能数字经济、数字政务、医疗健康等九大板块，全方位展示自身助力网络强国、数字中国建设的硬核实力与丰硕成果。来看现场精彩瞬间！#拥抱智能向新前行# 
Ppv7ra9ow,5160778252419396,https://weibo.com/2001627641/Ppv7ra9ow,522,2001627641,中国移动,#第八届数字中国建设峰会# 正在进行时。@中移互联网有限公司 携移动云盘、量子安全产品、消息智能体、云OS智能体等AI+创新产品应用亮相，以“智能应用创新”与“安全能力筑基”的双线并进，让AI改进、重构和创新工作与生活，以崭新面貌积极拥抱AI普惠、AI平权的新时代。#智焕新生共创AI+时代##移起AI+# 
PptNbBb0a,5160727258860430,https://weibo.com/2728041997/PptNbBb0a,5,2728041997,地铁客流及运输研究阿牛,#福州地铁# 今日（2025年04月29日，周二，免费日，#第八届数字中国建设峰会#开幕）福州地铁客流能否一举攻破百万？#福州乘数而上# 
Ppu81wTKQ,5160740177840820,https://weibo.com/1685262231/Ppu81wTKQ,1,1685262231,福建新闻广播fm1036,#第八届数字中国建设峰会##福州乘数而上#云端探“数”｜我在数字峰会，遇见了未来之光http://t.cn/A6dSdxFm 
Ppu8rgBIx,5160740433958237,https://weibo.com/1685262231/Ppu8rgBIx,1,1685262231,福建新闻广播fm1036,#第八届数字中国建设峰会##福州乘数而上#【#2025数字中国建设峰会# 】第八届数字中国建设峰会在福州开幕。http://t.cn/A6dKx1M5 
PpvQilrGr,5160806065111307,https://weibo.com/1899058774/PpvQilrGr,1,1899058774,通信信息报,【中国电信智能云生态成果展盛大亮相第八届数字中国建设峰会】 http://t.cn/A6d9L1k6 
PpD2Z5BIC,5161083011336634,https://weibo.com/6365990425/PpD2Z5BIC,6,6365990425,大河财立方,【#移动互联网未成年人模式正式发布#】4月30日消息，移动互联网未成年人模式4月29日上午在第八届数字中国建设峰会主论坛上正式发布。 http://t.cn/A6dNhqXQ 
Ppw1JBIVB,5160813158990843,https://weibo.com/1975415803/Ppw1JBIVB,186,1975415803,中国电信,【中国电信柯瑞文：云网筑基 数智赋能，共谱数字中国建设新篇章】4月29日，第八届数字中国建设峰会在福州举行。中国电信董事长柯瑞文出席峰会开幕式，并在主论坛上发表题为《云网筑基 数智赋能，共谱数字中国建设新篇章》的主旨演讲。#2025智能云生态大会# #天翼资讯#  http://t.cn/A6d9UFSM 
PpDGD21y2,5161107590482610,https://weibo.com/2001627641/PpDGD21y2,512,2001627641,中国移动,中国移动理想生活家丨 AI赋能多元生活场景#第八届数字中国建设峰会# #智焕新生共创AI+时代# #移起AI+# http://t.cn/A6dNpipI 
PpBmgywhu,5161018088227244,https://weibo.com/5705821884/PpBmgywhu,1,5705821884,余涛_静心如莲,2025年第八届数字中国建设峰会，时间真的太快了，都第八届了：）#第八届数字中国建设峰会# 
Ppu6f2i2L,5160739070546019,https://weibo.com/1481944214/Ppu6f2i2L,5,1481944214,飞象网项立刚,"#第八届数字中国建设峰会#这样的会以前是电脑、网络、手机的世界，今天已是汽车、机器人、飞机的天下了。

数字经济早已渗透到所有领域，中国联通发力低空经济，这也是抓住了面向未来的节奏。 
 #拥抱智能向新前行# "
PpttpFML4,5160714999958878,https://weibo.com/2002148123/PpttpFML4,1392,2002148123,中国联通,#第八届数字中国建设峰会#现场体验区4月28日-5月4日亮相福州海峡国际会展中心。中国联通充分发挥企业科技创新主体作用和数字经济核心产业作用，精心打造成果丰硕的主展台，并特别开设低空经济专题展区，全方位展示自身在数字中国建设中取得的创新成果，诚邀您的莅临与关注！#拥抱智能向新前行# 
PpvPxE3rT,5160805599546381,https://weibo.com/2001627641/PpvPxE3rT,527,2001627641,中国移动,打卡中国移动咪咕展区！第八届数字中国建设峰会看什么？怎么看？咪咕探展小分队出动，为你解答。#智焕新生共创AI+时代# #移起AI+# #第八届数字中国建设峰会# #咪咕亮相数字峰会# http://t.cn/A6d9LHp9 
PpEdhajtS,5161127832458168,https://weibo.com/5651101017/PpEdhajtS,2,5651101017,三剑客,4月28日至5月4日，#第八届数字中国建设峰会# •智能云生态大会在福州海峡国际会展中心举办。在30日召开的智能云生态大会主论坛上，中国电信董事长柯瑞文作题为《数智国云，共谱新篇》的主题演讲。 http://t.cn/A6dphuSs 
PpvtCESyq,5160792009742830,https://weibo.com/6205409064/PpvtCESyq,6,6205409064,茌平融媒,#第八届数字中国建设峰会# 第八届数字中国建设峰会于2025年4月29日至30日在福建省福州市举办，以“二十五载奋进路 数字中国谱新篇——数智引领高质量发展”为主题，由国家发展改革委、国家数据局、国家网信办、工业和信息化部及福建省人民政府共同主办。 
PptsNr1bt,5160714616439411,https://weibo.com/2625481001/PptsNr1bt,33,2625481001,班主任的课,【峰会福州城 山海皆算力】#福州乘数而上#“慢”是千年坊巷的呼吸，“快”是山海奔涌的算力。在这人间四月天，一起来感受现代化图景下的慢生活。4月29日-30日中国·福州，#第八届数字中国建设峰会# 邀你实地触摸数字榕城的脉搏。http://t.cn/A6daTb8B 
Ppv3Wl2AH,5160776085014851,https://weibo.com/1144393351/Ppv3Wl2AH,10,1144393351,通信老柳,#第八届数字中国建设峰会# 无人投弹机来了，带个炸弹飞你头上，扔下来就跑[哈哈]还有这个枪不错，一万块钱一把，专门打无人机，一炮抢一个，感觉比打鸟好玩[哈哈] 
PpCas2cQJ,5161049200526053,https://weibo.com/2002148123/PpCas2cQJ,1225,2002148123,中国联通,"早安！
#第八届数字中国建设峰会# 
#拥抱智能向新前行# "
Ppv2Q8Vyu,5160775402127870,https://weibo.com/2001627641/Ppv2Q8Vyu,525,2001627641,中国移动,快看，活的灵犀！我在中国移动APP等你呦！#第八届数字中国建设峰会# #智焕新生共创AI+时代# #移起AI+# http://t.cn/A6dKmBQ7 
Ppv3G9kwk,5160775922223836,https://weibo.com/1481944214/Ppv3G9kwk,175,1481944214,飞象网项立刚,"#第八届数字中国建设峰会# 飞行蝴蝶刀，为台独力量准备的无人机，10万架次一个机群，飞10个架次。

台军士兵一人按5个量分配。
#拥抱智能向新前行# "
PpvtpEKTQ,5160791879713406,https://weibo.com/5652189783/PpvtpEKTQ,3,5652189783,海南廖孝炳,#有福之州遇见数智未来#千年闽都8年“C位”领跑，院士大咖、科技巨头、极客玩家在这集结碰撞智慧火花；AI、元宇宙、量子计算满足你关于黑科技的想象；三坊七巷遇见AR，非遗技艺在“云端”焕发新生……#数字中国建设峰会福州见#。 http://t.cn/A6dMojNz 
PpEb3Ek9H,5161126459610601,https://weibo.com/2001627641/PpEb3Ek9H,508,2001627641,中国移动,茉莉花开风正好，来一场沉浸式“黑科技”体验之旅～中国移动“新动力量”宣讲员带您一起走进第八届数字中国建设峰会，抢“鲜”体验中国移动展馆里“AI+”的智焕新生！#智焕新生共创AI+时代# #第八届数字中国建设峰会# #移起AI+# http://t.cn/A6dpvrqn  
PpF333W3p,5161159930938147,https://weibo.com/1975415803/PpF333W3p,74,1975415803,中国电信,【中国电信柯瑞文：数智国云，共谱新篇】4月28日至5月4日，第八届数字中国建设峰会•智能云生态大会在福州海峡国际会展中心举办。在30日召开的智能云生态大会主论坛上，中国电信董事长柯瑞文作题为《数智国云，共谱新篇》的主题演讲。#2025智能云生态大会# #天翼资讯#  http://t.cn/A6dpRTtU 
PpE5MxMZE,5161123188053158,https://weibo.com/2001627641/PpE5MxMZE,509,2001627641,中国移动,【中国移动科技图鉴】季夏之风轻抚八闽，数字之梦如彩凤和鸣。#第八届数字中国建设峰会#为数字中国建设立起“风向标”。中国移动以AI赋能千行百业、千家万户，特别是围绕“新三样”内容，带来了各种“硬核装备”。让我们一同打卡“移动科技图鉴”，解锁未来科技密码。#智焕新生共创AI+时代# #移起AI+# 
PpDih6lGo,5161092491513320,https://weibo.com/2001627641/PpDih6lGo,509,2001627641,中国移动,中国移动黑科技带你“移”起穿越AI+时代，感受美好未来～#智焕新生共创AI+时代# #第八届数字中国建设峰会# #移起AI+# http://t.cn/A6dN5mPz 
PpDAEu5Qb,5161103887172295,https://weibo.com/5964184998/PpDAEu5Qb,7,5964184998,安徽反邪教,#家长可控制未成年人手机上网时长#【#移动互联网未成年人模式正式发布#】#家长可一键启动所有APP未成年模式#4月29日上午，移动互联网未成年人模式在第八届数字中国建设峰会主论坛上正式发布。（新华网） http://t.cn/A6dN9tiY 
PpDZ7alYM,5161119052467772,https://weibo.com/1967528765/PpDZ7alYM,2,1967528765,禾子的情绪垃圾桶,数聚青海 绿算赋能 #第八届数字中国建设峰会#  
PptJrqhv3,5160724936263801,https://weibo.com/1740522895/PptJrqhv3,9,1740522895,新浪厦门,【#在厦门离影视剧主角只差一首BGM#🎵】用电影的方式打开厦门——厦门是天然片场[上课了]巷弄藏满了未署名的剧本，电影里的百种人生都藏在厦门的浪漫里[微风]#鹭岛有光 万物生长##第八届数字中国建设峰会# （via：100个厦门人） http://t.cn/A6dKVuYo  
PptpDwk3l,5160712657703583,https://weibo.com/5364020718/PptpDwk3l,1,5364020718,最爱福州,#第八届数字中国建设峰会#开幕式 
PptpL3wyX,5160712730840159,https://weibo.com/1658388624/PptpL3wyX,15,1658388624,新浪福建,#存款保险施行十周年# 中国银行福建省分行原创歌曲《当燃》发布，青年献唱创新发展主旋律#第八届数字中国建设峰会# [赞] http://t.cn/A6dosCKC  
PpCZAEOgF,5161080909726353,https://weibo.com/1826017320/PpCZAEOgF,1,1826017320,IT之家,【#移动互联网未成年人模式正式发布#：家长一键启动，所有应用同步切换】据“网信中国”公众号，4月29日上午，移动互联网未成年人模式在第八届数字中国建设峰会主论坛上正式发布。 
PpDXhrFuF,5161117916594361,https://weibo.com/7867593842/PpDXhrFuF,1,7867593842,来自天翼云的云宝,#第八届数字中国建设峰会# ，智能云生态成果展现场，国云小记者发回前线报道！跟随镜头，一起走进超酷的“智能世界”！ #数智国云 共谱新篇##算力即国力##天翼云##2025智能云生态大会#@中国电信 http://t.cn/A6dNuSjT 
PpDeWcj8I,5161090422933512,https://weibo.com/2001627641/PpDeWcj8I,509,2001627641,中国移动,福州，有着坊隅巷陌的古色古香，也有着簪花美景的五彩斑斓！走进#第八届数字中国建设峰会# 中国移动展区，一起去看看AI蝶变下我们的生活又将迎来怎样的多样色彩！#智焕新生共创AI+时代##移起AI+# 
PpG8Tlmh6,5161201995090516,https://weibo.com/2001627641/PpG8Tlmh6,8,2001627641,中国移动,"#第八届数字中国建设峰会# 期间，中移互联携Al+移动云盘Al+新通话、消息智能体、云OS智能体、量子安全产品、中国移动安全管家等Al+创新产品应用亮相中国移动展区，展现""Al+""重塑数智生活方式的多种可能。一起来看看吧！#智焕新生共创AI+时代##移起AI+# "
PpFHBDHY2,5161185079463806,https://weibo.com/2001627641/PpFHBDHY2,7,2001627641,中国移动,灵犀AI黑科技丨 问一问、贴一贴，金融数智服务全AI上 #第八届数字中国建设峰会##智焕新生共创AI+时代##移起AI+# http://t.cn/A6d07qKo 
PptlSthxO,5160710326978956,https://weibo.com/1809436135/PptlSthxO,2,1809436135,咪咕视频,#第八届数字中国建设峰会#在福州盛大启幕。中国移动以#智焕新生共创AI+时代#为旗帜，拉开了一场科技与人文交融的盛宴。咪咕音乐两大AI+创新应用——AI+音乐、AI视频彩铃惊艳亮相峰会，以创新科技重新定义数智生活体验。即刻登录咪咕音乐APP，个性创作AI视频、体验私人音乐助手，智创你的新世界！ 
PpEwvDNcQ,5161139759483944,https://weibo.com/1763084680/PpEwvDNcQ,2,1763084680,腾讯新闻出品,第八届数字中国建设峰会中国移动人工智能生态大会主旨论坛在福建福州召开，中国移动立足“供给者、汇聚者、运营者”定位，发布“九天”人工智能基座升级、首批信息消费“新三样”产品、AI能力联合舰队三项重磅成果，全面实施“AI+”行动计划，赋能经济社会数智化转型。#智焕新生共创AI+时代 
PpCAFiUe0,5161065454506036,https://weibo.com/1481944214/PpCAFiUe0,3,1481944214,飞象网项立刚,发布了头条文章：《中国联通董事长陈忠岳：深化数智融合创新 服务数字中国建设》 中国联通董事长陈忠岳出席峰会开幕式及主论坛，并在主论坛上发表题为《深化数智融合创新 服务数字中国建设》的主旨演讲。 http://t.cn/A6dCeHwh 
Ppvrbu5Ma,5160790497172046,https://weibo.com/2171536211/Ppvrbu5Ma,2,2171536211,遇见福州,"【用VR追“唐诡”，沉浸式探案超好玩】
《唐朝诡事录·西行》国潮沉浸剧场项目作为第八届数字中国建设峰会的数字应用场景之一，精彩亮相福州三坊七巷！一起去体验一下吧！#有福之州遇见数智未来##数字中国建设峰会福州见# 
via@新闻110 
http://t.cn/A6do7JbD "
Ppvrc6O6k,5160790501622560,https://weibo.com/2001627641/Ppvrc6O6k,526,2001627641,中国移动,带上簪花，不想回家！倒数10秒，让你AI上拍照#第八届数字中国建设峰会# #智焕新生共创AI+时代# #移起AI+# http://t.cn/A6d9zNBh 
PpCWA0uDU,5161079040117794,https://weibo.com/2770820555/PpCWA0uDU,92,2770820555,不是杀手的枪手_,"干中学
#第八届数字中国建设峰会#  "
PpGL7ziZa,5161225698414464,https://weibo.com/3075978705/PpGL7ziZa,3,3075978705,小含爱吃,两个人的快乐大于一个人#第八届数字中国建设峰会# 
PpERGmejW,5161152885298268,https://weibo.com/2001627641/PpERGmejW,511,2001627641,中国移动,"我在#第八届数字中国建设峰会# 现场当“打工狗”[doge][doge]火爆全网的机器人打工实录！
#智焕新生共创AI+时代# #移起AI+# http://t.cn/A6dpHfiv "
PpEtkArrZ,5161137788685331,https://weibo.com/2001627641/PpEtkArrZ,514,2001627641,中国移动,中国移动理想生活家丨 超全能的 “出行搭子” 来报到#第八届数字中国建设峰会# #智焕新生共创AI+时代# #移起AI+# http://t.cn/A6dpJDBC 
PpD6qFzWh,5161085149909601,https://weibo.com/2001627641/PpD6qFzWh,507,2001627641,中国移动,AI时代的“新三样”究竟是哪样？移起探馆#第八届数字中国建设峰会# 中国移动展区#智焕新生共创AI+时代##移起AI+# http://t.cn/A6dN771c 
PpCzzhMPc,5161064774239262,https://weibo.com/6568423515/PpCzzhMPc,1,6568423515,企通查,ADT动态｜北京奥德塔受邀出席#第八届数字中国建设峰会# ，助力数据腾飞！[鼓掌][鼓掌][鼓掌]http://t.cn/A6dCeXQ8 http://t.cn/A6dCeXQR 
PptG05Jao,5160722801365264,https://weibo.com/5428441557/PptG05Jao,1,5428441557,咪咕,五一长假即将开启！给各位科技控们推荐一个绝佳去处：既能体验AI+产品又可获得前沿资讯。4月28日-5月4日，欢迎小伙伴们前往福州海峡国际会展中心3号馆中国移动咪咕展区打卡围观，体验数字建设的独特魅力！#智焕新生共创AI+时代##移起AI+##第八届数字中国建设峰会##咪咕亮相数字峰会# 
PpEQF8cHj,5161152251955437,https://weibo.com/1932383433/PpEQF8cHj,1,1932383433,传说中的女网警,#女网警说#二十五载奋进路 数字中国谱新篇——第八届数字中国建设峰会专题片！http://t.cn/A6dpTsdT 
PpGKG3m9V,5161225420800167,https://weibo.com/3285499131/PpGKG3m9V,11,3285499131,王乐滢-,"日杂 /  祖籍求学路

#第八届数字中国建设峰会# "
PpFQzu6LY,5161190637175878,https://weibo.com/2002148123/PpFQzu6LY,1394,2002148123,中国联通,4月29日，#第八届数字中国建设峰会#·工业互联网产业生态大会在福州举办。本次大会以“数智融合赋能新型工业化”为主题，现场发布格物Unilink双跨平台AI跃迁成果，达成多项战略合作。来看视频快讯：#拥抱智能向新前行# http://t.cn/A6d0AJC5 
PpEmXdoNN,5161133833193607,https://weibo.com/3263330414/PpEmXdoNN,2,3263330414,微博广告,4月30日，“智驱新擎，共创AI+时代会”中国移动终端智能体及具身智能机器人分论坛在数字中国建设峰会期间召开。中国移动副总经理张冬表示，中国移动积极把握信息消费“新三样”产业格局趋势，勇担人工智能发展国家队。夯实智算网络新基座，构建自研大模型新能力，拓展新型智能终端新生态。 
PpuQFoioA,5160767855790588,https://weibo.com/2001627641/PpuQFoioA,522,2001627641,中国移动,真的可以看到！真的可以用到！是什么让小艺一秒AI上#第八届数字中国建设峰会# #智焕新生共创AI+时代# #移起AI+# http://t.cn/A6dKWm01 
PpEJYviC1,5161148107459717,https://weibo.com/2557129567/PpEJYviC1,4,2557129567,华为中国,#第八届数字中国建设峰会#热度再升级！智能世界的未来图景，等你来亲启！精彩不容错过，锁定海峡国际会展中心3号馆#华为#展区，我们与您一起见证#万智互联#加速迈向智能世界！ http://t.cn/A6dpjSNu 
PpuRjewEb,5160768253462091,https://weibo.com/7211561239/PpuRjewEb,2,7211561239,央视频,二十五载奋进路 数字中国谱新篇——第八届数字中国建设峰会专题片 http://t.cn/A6dKlGZv 
PpHUPq1Do,5161270156202814,https://weibo.com/2002148123/PpHUPq1Do,981,2002148123,中国联通,"晚安！
#第八届数字中国建设峰会# 
#拥抱智能向新前行# "
PpEh9ENuS,5161130239723390,https://weibo.com/1975415803/PpEh9ENuS,92,1975415803,中国电信,第八届数字中国建设峰会，智能云生态成果展现场，国云小记者发回前线报道！跟随镜头，一起走进超酷的“智能世界”！#2025智能云生态大会# #科技翼力量# @国资小新 @央企头条 http://t.cn/A6dpw5nH 
PpM7wneKp,5161431785538237,https://weibo.com/5143653913/PpM7wneKp,20,5143653913,中国一汽,"#数智化新一汽# 【探秘#第八届数字中国建设峰会# 中国一汽现场体验区】[中国赞]
中国一汽现场体验区以其前沿的科技展示、创新的数智化成果，为观众带来了一场视觉与知识的盛宴，欢迎朋友们打卡体验，一起探索数智化驱动下企业管理变革的无限可能。@国资小新 @央企头条 http://t.cn/A6dOEkiP "
PpHs29TlZ,5161252302357735,https://weibo.com/2557129567/PpHs29TlZ,8,2557129567,华为中国,4月29日-30日，#第八届数字中国建设峰会#在福州开幕。期间，由国家数据局主办，国家信息中心承办，华为公司协办的“智慧城市国际合作分论坛——未来城市·数智共赢：智慧城市市长国际论坛”于30日顺利召开。 http://t.cn/A6d0nHy5 
PpO5jxmFu,5161507297951964,https://weibo.com/5322435458/PpO5jxmFu,2,5322435458,看见河北北哥,我发表了头条文章:《数字化综合服务平台闪耀第八届数字中国建设峰会 共绘数字中国新篇章》 http://t.cn/A6dWJS6G 
PpMRuourF,5161460285836907,https://weibo.com/2001627641/PpMRuourF,318,2001627641,中国移动,今儿个，中国移动机器人给您来一段，让您实打实开开眼！#智焕新生共创AI+时代##移起AI+##第八届数字中国建设峰会# http://t.cn/A6dWh0nw 
PpMTdyFXk,5161461358264434,https://weibo.com/1775388940/PpMTdyFXk,2,1775388940,宝哥shivers,中国数字峰会#科技快讯##数字中国建设峰会##数字中国建设峰会福州见# 
PpFvXsP6W,5161177856869658,https://weibo.com/6850610375/PpFvXsP6W,18,6850610375,数码奶酪,#数智国云 共谱新篇#第八届数字中国建设峰会智能云生态成果展现场，天翼云全方位展示了国产化算力基础设施的建设成果。以自主可控的基础软硬件为核心，基于紫金算力架构国产化硬件、自研操作系统CTyunOS、自研分布式云操作系统TeleCloudOS一体化融合体系，打造全国产一体化软硬协同算力底座。 
PpOsrAWw4,5161521638804748,https://weibo.com/5793084374/PpOsrAWw4,2,5793084374,梦的酵母_,偶今天在#第八届数字中国建设峰会#  
PpNhTkwNN,5161476654892655,https://weibo.com/1796341451/PpNhTkwNN,11,1796341451,天津联通,八闽毓秀，乘“数”焕新。中国联通连续八年作为#数字中国建设峰会 主场馆网络保障服务项目独家承接商，为数字中国建设峰会提供高品质通信服务，以优质网络、硬核科技为峰会保驾护航，全力打造一场通信保障完备、科技感十足的数字盛会！#第八届数字中国建设峰会# http://t.cn/A6dWLiWR 
PpFsC8o6b,5161175781999263,https://weibo.com/2117508734/PpFsC8o6b,1,2117508734,中国气象局,#跟着气象记者看中国# 4月29日至30日，第八届数字中国建设峰会在福建省福州市举行。图中气象主题的体验区的这些气象科技，你对哪个最感兴趣？[来][来][来] 
PpCvyslOP,5161062286757059,https://weibo.com/2001627641/PpCvyslOP,510,2001627641,中国移动,"和AI对视感觉“一眼万年”？在#第八届数字中国建设峰会# ，中国移动体验区成全场焦点，人气爆棚！#智焕新生共创AI+时代#
福建海峡会展中心3号馆3C01展位#移起AI+# "
PpvmXDr2J,5160787879398749,https://weibo.com/2815224714/PpvmXDr2J,1,2815224714,海博TV,#戏狗GO#：“AI会取代人类吗”？今天我们来第八届数字中国建设峰会寻找答案。#第八届数字中国建设峰会##福州乘数而上##数字中国建设峰会福州见##有福之州遇见数智未来# http://t.cn/A6d97SEE 
PpLwDyofD,5161408918196377,https://weibo.com/2609325887/PpLwDyofD,2,2609325887,山林湖海星辰,以“二十五载奋进路 数字中国谱新篇——数智引领高质量发展”为主题的#第八届数字中国建设峰会#于4月29日在福建福州拉开帷幕。自然资源部展区上的地图融合出版产品和地图文创产品引人注目。#旅游##地图##福建# 
PpN8uBMFn,5161470829005213,https://weibo.com/1864204590/PpN8uBMFn,2,1864204590,台海时刻,#直击福州国家级数字盛会现场 新党副秘书长游智彬沉浸式体验第八届数字中国建设峰会现场，他有什么感想？戳视频一探究竟！4月29日-30日中国·福州，#第八届数字中国建设峰会 #有福之州遇见数智未来 http://t.cn/A6dWAvUP 
PpMiKfegk,5161438743629748,https://weibo.com/2674720851/PpMiKfegk,3,2674720851,长寿发布,#不拘四格#【移动互联网未成年人模式正式发布】立足未成年人网络保护现实需要、回应社会各界期待关切，第八届数字中国建设峰会峰会期间，移动互联网未成年人模式正式发布。 
Ppvi6zi2c,5160784868410808,https://weibo.com/1895697240/Ppvi6zi2c,1,1895697240,福州日报,【闽江潮涌处 数字共春生】#有福之州遇见数智未来# 29日，第八届数字中国建设峰会在福州盛大启幕。8年来，这场数字之约枕着闽江潮水的粼粼碧波，荡漾起数字中国建设的多彩涟漪。#数字中国建设峰会福州见##聚焦第八届数字中国建设峰会# http://t.cn/A6d9PO9s 
PpRhjcdrq,5161630052911608,https://weibo.com/5652189783/PpRhjcdrq,2,5652189783,海南廖孝炳,#福州乘数而上#29日至30日，#第八届数字中国建设峰会#期间，南威软件集团董事、常务副总裁洪创业接受人民网专访，围绕AI智能体技术赋能数字政府建设、关键技术突破及行业挑战应对等议题进行深度分享。一起来看↓http://t.cn/A6d09L60 [广告] http://t.cn/A6d0b71T 
PpNHEvQri,5161492627589748,https://weibo.com/2001627641/PpNHEvQri,10,2001627641,中国移动,五一去哪玩？一起看看移动爱家的智慧家庭科技吧！#智焕新生共创AI+时代# #移起AI+# #第八届数字中国建设峰会# http://t.cn/A6dWqKYE 
PpWzDlgku,5161833615067662,https://weibo.com/3660447174/PpWzDlgku,12,3660447174,全球纳贤,"#卢麒元[超话]#
数字中国建设峰会来了，卢麒元邀你一起逛展！ http://t.cn/A6djjnwn "
PpQ3MfOPw,5161583223770314,https://weibo.com/2002148123/PpQ3MfOPw,1198,2002148123,中国联通,当无人机在15分钟内将急救血液送达，当eVTOL模拟舱让普通人体验“飞行自由”，当无人机化身“空中交警”巡航交通……“低空经济”正逐渐从概念走入现实。戳视频走进#第八届数字中国建设峰会#低空经济展区，来看中国联通擘画的“低空新图景”！#拥抱智能向新前行# http://t.cn/A6dWFhV5 
PpZtMmRoB,5161945305448473,https://weibo.com/2473675252/PpZtMmRoB,1,2473675252,阿超_港媒视点,【胡薇的下午茶 | 香港如何发挥金融优势充当超级联络人、增值人?】第八届数字中国建设峰会，于4月28日至5月4日举办，香港特区政府驻福建联络处主任郑震生谈在与英国金融合作的背景下，香港如何发挥金融优势充当超级联络人、增值人? #胡薇的下午茶# （记者 胡薇） http://t.cn/A6dYxUNQ 
PpYZn9IcZ,5161926452314893,https://weibo.com/2473675252/PpYZn9IcZ,1,2473675252,阿超_港媒视点,【胡薇的下午茶 | 郑震生谈国际形势下香港的角色定位】第八届数字中国建设峰会，于4月28日至5月4日举办，香港特区政府驻福建联络处主任郑震生谈国际形势下香港的角色定位。#胡薇的下午茶# （记者 胡薇） http://t.cn/A6dYbxHO 
PpX89BbDa,5161855018862848,https://weibo.com/2002148123/PpX89BbDa,907,2002148123,中国联通,中共中央政治局委员、国务院副总理张国清28日至29日在福建出席#第八届数字中国建设峰会#开幕式并致辞。他强调，要深化数字技术创新应用，推动实体经济和数字经济深度融合，全面赋能经济社会高质量发展。来看总台报道：#拥抱智能向新前行# http://t.cn/A6djndOf 
Pq0TddfuM,5161999513157832,https://weibo.com/5108809552/Pq0TddfuM,44,5108809552,醒知同学,鸿蒙PC版真的要来了[哆啦A梦吃惊]#有点东西# http://t.cn/A6dTzX3A 
PpZCKzibt,5161950868411383,https://weibo.com/1698857957/PpZCKzibt,2,1698857957,海峡都市报,【#第八届数字峰会现场体验区开放至5月4日#】4月28日，第八届数字中国建设峰会现场体验区在福州海峡国际会展中心正式开放，新产品、新技术、新服务集中亮相。据了解，第八届数字中国建设峰会现场体验区将持续至5月4日。[思考]来聊聊：你去第八届数字峰会现场逛展了吗？ http://t.cn/A6dY99GQ 
Pq4Vb967S,5162154492168504,https://weibo.com/3061210763/Pq4Vb967S,3,3061210763,中国航空工业集团,#第八届数字中国建设峰会# 在中国气象局的现场体验区，我们看到了熟悉的面孔，“翼龙”“海燕”“新舟”，它们是航空装备助力气象高质量发展的一个缩影。#加快建设新时代航空强国#  http://t.cn/A6dTeIZ3 
Pq5bpE3EM,5162164559547180,https://weibo.com/3061210763/Pq5bpE3EM,1,3061210763,中国航空工业集团,安全、数据、耐心，这是全空间无人体系产业发展的关键词。戳文章，听专家详细解读。#第八届数字中国建设峰会##加快建设新时代航空强国#  http://t.cn/A6dTsmze 
Pq75jtKJ9,5162237657091135,https://weibo.com/7460431271/Pq75jtKJ9,2,7460431271,听心6666,"#手机摄影[超话]#@手机摄影 @随手拍福州 @福州虎纠人 @福州身边事儿 
数智引领高质量发展——第八届数字中国建设峰会 "
Pq6yJd7jl,5162217453126371,https://weibo.com/2639029341/Pq6yJd7jl,2,2639029341,福州发布,#ai看福州# 【数字中国创新大赛数字城市赛道闭幕】4月29日，2025数字城市之夜暨数字中国创新大赛·数字城市赛道颁奖典礼和数字城市百景分享会在福州举行。据悉，共有22个作品获得年度数字城市铂金奖和年度数字城市金奖，10个作品获得年度数字城市人气奖。#数字中国建设峰会福州见# http://t.cn/A6dTDvgv 
Pq7NM6qLR,5162265221532879,https://weibo.com/1923237421/Pq7NM6qLR,8,1923237421,广州铁路,"【铁路数字化成果亮相第八届数字中国建设峰会】4月29日至30日，第八届数字中国建设峰会在福州海峡国际会展中心隆重举行。  
  http://t.cn/A6dHYsns "
Pq7nn5YpR,5162248851423883,https://weibo.com/2549511007/Pq7nn5YpR,5,2549511007,中国铁路,【铁路数字化成果亮相第八届数字中国建设峰会】4月29日至30日，第八届数字中国建设峰会在福州海峡国际会展中心隆重举行。 http://t.cn/A6dHYsns 
Pq7qWc2SC,5162251062871010,https://weibo.com/1276577022/Pq7qWc2SC,1,1276577022,沙里途_,第八届数字中国建设峰会@新浪博客 http://t.cn/A6dHTmBD 
PqeO4yB4N,5162534488245677,https://weibo.com/3357984530/PqeO4yB4N,4,3357984530,成都水务,#水务资讯# 【[666]数字孪生水利专区亮相#第八届数字中国建设峰会# 】http://t.cn/A6dp3sfj（来源：中国水利） 
PqeJJlZaw,5162531795240024,https://weibo.com/1920077735/PqeJJlZaw,2,1920077735,草原铁路,#呼铁微分享# 【铁路数字化成果亮相第八届数字中国建设峰会】4月29日至30日，第八届数字中国建设峰会在福州海峡国际会展中心隆重举行。http://t.cn/A6dHYsns 
PqgXTkW5s,5162617454989850,https://weibo.com/1276577022/PqgXTkW5s,1,1276577022,沙里途_,第八届数字中国建设峰会@新浪博客 http://t.cn/A6dHTmBD 
PqefZvUf8,5162513357604370,https://weibo.com/1882716230/PqefZvUf8,12,1882716230,南昌铁路,发布了头条文章：《铁路数字化成果亮相第八届数字中国建设峰会》 （来源：中国铁路） http://t.cn/A6d8xBbe 
PqiLm6WnM,5162686561654394,https://weibo.com/1826017320/PqiLm6WnM,1,1826017320,IT之家,【鸿鹄 T70 电动智能农机亮相 2025 数字中国建设峰会，助力农业实现全程无人化作业】在2025数字中国建设峰会上，十堰国科鸿鹄科技展示了鸿鹄T70电动智能农机。该农机采用锂电池和永磁同步电机，搭载智能电控系统，可实现远程规划路径自主作业，耕作精度达±2.5cm，续航6小时。已在河北雄安新区等地…… 
PqoXNCJ0Z,5162924919229505,https://weibo.com/2606243004/PqoXNCJ0Z,7,2606243004,福建消防,#福吉说消防[超话]# 第八届数字中国建设峰会圆满结束，智慧消防展馆精彩集锦来啦！ http://t.cn/A6dnNjhi 
Pqjd1mfN5,5162703715303919,https://weibo.com/1243037810/Pqjd1mfN5,1,1243037810,一和家家,第八届数字中国建设峰会签约重点项目总投资额2280亿元——福州5月4日电 (记者 闫旭)第八届数字中国建设峰会4日闭幕。本届峰会共签约数字经济重点项目455个、总投资额2280亿元人民币，比上届峰会分别增长8%和12%，项目涵盖新一代人工智能、机器人、算力基础设施、互联网医疗等多个领域。 
Pqo20rhuJ,5162889086502109,https://weibo.com/1956442760/Pqo20rhuJ,2,1956442760,南铁福州车务段,发布了头条文章：《铁路数字化成果亮相第八届数字中国建设峰会》   （来源：中国铁路） http://t.cn/A6dnGH9H 
Pqq0ag5LX,5162964823835441,https://weibo.com/1920077735/Pqq0ag5LX,2,1920077735,草原铁路,#呼铁微分享# 【铁路数字化成果亮相第八届数字中国建设峰会】4月29日至30日，第八届数字中国建设峰会在福州海峡国际会展中心隆重举行。  http://t.cn/A6dHYsns 
PqpUtEa2Z,5162961299571745,https://weibo.com/1958890151/PqpUtEa2Z,2,1958890151,福州火车站,【铁路数字化成果亮相第八届数字中国建设峰会】4月29日至30日，第八届数字中国建设峰会在福州海峡国际会展中心隆重举行。http://t.cn/A6dHYsns  
PqB3lFThz,5163389639983957,https://weibo.com/1839167003/PqB3lFThz,99,1839167003,华为终端,5月6日鸿蒙生态日日新PLOG：数字中国建设峰会举办，鸿蒙助力政企办公应用更智能、更安全；微博、夸克等多款应用功能更新。用鸿蒙操作系统 5体验大有不同，欢迎前往“我的华为”App>升级尝鲜报名体验。#鸿蒙5大有不同##HarmonyOS5# 
PqBoqFN30,5163402709959990,https://weibo.com/2609576940/PqBoqFN30,14,2609576940,南铁赣州车务段,#赣车微视角# 《铁路数字化成果亮相第八届数字中国建设峰会》 （来源：中国铁路）     http://t.cn/A6d8xBbe 
PqwLDCQBz,5163224899258681,https://weibo.com/3117177915/PqwLDCQBz,1,3117177915,CEC中国电子,【#数字中国建设峰会# 】4月28日至5月4日，由中国电信、中国电科、中国电子联合主办的智能云生态大会在福建省福州市举办。4月30日，中国电子党组成员、副总经理张新亮出席大会并发表致辞。 http://t.cn/A6duQcro 
PqxaOrnqR,5163240506524933,https://weibo.com/2001627641/PqxaOrnqR,435,2001627641,中国移动,我在数字中国的现场交了几个“机器朋友”！#第八届数字中国建设峰会##智焕新生共创AI+时代##移起AI+# http://t.cn/A6du3gUo 
PqwEFBbOC,5163220578863558,https://weibo.com/1409641392/PqwEFBbOC,1,1409641392,FM1067私家车广播,#1067喇叭花快报# ▲第八届数字中国建设峰会4日闭幕。本届峰会共签约数字经济重点项目455个、总投资额2280亿元人民币，比上届峰会分别增长8%和12%，项目涵盖新一代人工智能、机器人、算力基础设施、互联网医疗等多个领域。本届峰会共吸引超36万人次参会观展，创下历史新高。 
PqGS0r67n,5163613246458377,https://weibo.com/2557129567/PqGS0r67n,7,2557129567,华为中国,"#第八届数字中国建设峰会# 期间，华为举办""城市感知基础设施高端对话：感知网络体系赋能城市全域数字化""研讨会。全国政府机构代表、商业领袖、行业伙伴及技术专家齐聚，围绕城市感知网络体系顶层规划与建设路径展开深入探讨，旨在加速城市全域数字化进程，推动韧性城市建设落地。 http://t.cn/A6dBTJQp "
PqxnHcBsB,5163248493003937,https://weibo.com/2001627641/PqxnHcBsB,433,2001627641,中国移动,中国移动理想生活家｜感受未来生活的温度，中国移动与你一起触碰AI+时代的理想生活！快来和我一起探秘。#智焕新生共创AI+时代##移起AI+##第八届数字中国建设峰会# http://t.cn/A6dudZo8 
PqxoMvtnz,5163249167501105,https://weibo.com/2001627641/PqxoMvtnz,322,2001627641,中国移动,中国移动理想生活家｜日常生活/工作高效的“秘密武器”，这次一次看全！带你走进数字中国展上最实用的“职场黑科技”。#智焕新生共创AI+时代##移起AI+##第八届数字中国建设峰会# http://t.cn/A6dudICI 
PqKCL1R2j,5163757550442203,https://weibo.com/2002148123/PqKCL1R2j,1948,2002148123,中国联通,#第八届数字中国建设峰会#期间，中国联通精心打造专题展览，全方位展示自身实施融合创新战略，推进网络向新、技术向新、服务向新，助力网络强国、数字中国建设的硬核实力与丰硕成果。戳视频，我们与您一同以AI视角，回顾联通数智精彩！#拥抱智能向新前行# http://t.cn/A6dd1zEe 
PqSsqnjmx,5164058665555977,https://weibo.com/5143653913/PqSsqnjmx,1,5143653913,中国一汽,"【一汽出行红旗国宾车队圆满完成数字中国建设峰会服务任务】[打call]
4月26日至5月1日，一汽出行以出车800余次、“零瑕疵”服务高标准完成第八届数字中国建设峰会接待用车任务，红旗国宾车队在高端出行领域迈出里程碑式一步。#中国一汽 创领未来# "
Pqx0eu2Zj,5163233947161329,https://weibo.com/5305157796/Pqx0eu2Zj,27,5305157796,爱武城,4日，第八届数字中国建设峰会在福州闭幕。其间签约数字经济重点项目455个，总投资额达2280亿元。 
PqS9zhzVF,5164046974189691,https://weibo.com/5032238317/PqS9zhzVF,5,5032238317,茶活力,"茶活力闪耀#第八届数字中国建设峰会#
作为草本饮品领域的创新标杆，
片仔癀饮品系列·茶活力携旗下明星产品亮相峰会现场，、
以“一杯东方草本，致敬数字未来”为主题，[哇]
开启了一场东方草本与现代科技的双向奔赴。[打call][打call] 

#片仔癀饮品系列# #茶活力草本饮料# "
Pr2E1gmiW,5164450253898990,https://weibo.com/1649608047/Pr2E1gmiW,12,1649608047,天极网,2025年4月28日至5月4日，第八届数字中国建设峰会现场体验区亮相福州海峡国际会展中心。天极网深入5.6万平方米的现场体验区，带您沉浸式解锁前沿技术与创新场景，见证数字中国建设成就。#第八届数字中国建设峰会# http://t.cn/A6dsum7t 
PqZOd6smM,5164341251539012,https://weibo.com/7577328070/PqZOd6smM,1,7577328070,用户7577328070,智创未来，AI了AI了，小编带你沉浸式打卡#第八届数字中国建设峰会# 中国移动展区。#智焕新生共创AI+时代##移起AI+# http://t.cn/A6dS9etM中国移动的微博视频 
Pr3tKtclP,5164482326958993,https://weibo.com/2002148123/Pr3tKtclP,1803,2002148123,中国联通,八闽大地，数智浪潮席卷而来。4月29日-30日，#第八届数字中国建设峰会#在福州盛大举办。中国联通积极参与大会活动，全方位彰显自身在 “数智”领域的强大实力与担当，为数字中国建设注入澎湃联通动能。戳视频一起回顾数字峰会“联通精彩”：#拥抱智能向新前行# http://t.cn/A6gvPbtT 
PrtZtdDHF,5165501433250887,https://weibo.com/2884530251/PrtZtdDHF,2,2884530251,中核集团,【首批！中核集团入选！[666][666][666]】近日，在第八届数字中国建设峰会期间，国务院国资委发布了首批10余个行业30项央企人工智能行业高质量数据集优秀建设成果。其中，中核集团“核电SPV设备健康诊断、运行异常及故障预测数据集”从数百项成果中脱颖而出，获评优秀建设成果。#我国核工业创建70周年# 
PrtNtf7pj,5165493993603397,https://weibo.com/3702613015/PrtNtf7pj,4,3702613015,四川国资,#市州国资动态# 【“遂宁三通”亮相数字峰会 “效率革命”谱写数据新篇】近期，遂宁数据集团筹备组总经理蒲星伟率数据集团业务骨干在福州市参与第八届数字中国建设峰会。http://t.cn/A6gwmNGT 
PrD6RpLP4,5165851976142034,https://weibo.com/5577082800/PrD6RpLP4,1,5577082800,勇敢的小鱼2015,近日，第八届数字中国建设峰会在福建省福州市举办，安吉“生态产品价值实现应用场景”案例在本届峰会上精彩亮相。 
PrDELnCXz,5165872995631309,https://weibo.com/1796341451/PrDELnCXz,10,1796341451,天津联通,4月29日，中国联通携数智创新成果亮相#第八届数字中国建设峰会。点击视频，看中国联通如何以人工智能、大数据等数字技术，赋能数字中国建设。#第八届数字中国建设峰会# http://t.cn/A6gyQJEv 
